username,tweetcreatedat,text
PijaMoris,2022-10-05 23:59:59+00:00,@fedtriyahya Selawat yg ustaz wadi anuar selalu sebut dalam kuliah dia. X hengat aih nama padia.
akaipinheel,2022-10-05 23:59:52+00:00,@collegemenfess siapa yang ngira dulu kalo mau jadi polisi harus kuliah dulu? ğŸ˜”â˜ï¸
buyny,2022-10-05 23:59:52+00:00,"sebenernya aku gak kuat ya Allah kalo kuliah pagi, tapi lebih ga kuat lagi kuliah malem. boleh nggak aku kuliah jam 10 sampe jam 12 aja"
bungwol,2022-10-05 23:59:22+00:00,YaAllah w yg dulu kuliah PP tangsel rawamangun aje dah misuh2 mulu tiap hari krn bolak-balik dah 4 jam sendiri ğŸ˜­ https://t.co/p393eM6WNN
newaccautoflbck,2022-10-05 23:59:18+00:00,ptn! kuliah di upnvj gapapa kan? https://t.co/YibN0wFl5H
tapibohoonk,2022-10-05 23:59:15+00:00,[cm] kalian sering kehilangan ambis gak sih pas kuliah kayak â€œgak sesemangat duluâ€ gitu https://t.co/VLtjYUsdQx
cutmybutter2fly,2022-10-05 23:59:14+00:00,"TWITTER PLEASE DO YOUR MAGIC

entah ini work it or not, aku coba ngetweet dulu. Jadi gini, adik aku kan kuliah di salah satu univ di tangerang. Dan dia udah sampe pada penyusunan skripsi. Tapi yang jadi kendalanya dia sekarang, laptopnya dia tuh lola kalau dipake ketik."
bydamieee,2022-10-05 23:59:13+00:00,CLAP UDH ADA CHALLENGE NYA BLM SI??? PGN JOINNN SM TMN KULIAH KEKNYA SERUğŸ¥¹
ifaachill,2022-10-05 23:59:11+00:00,[cm] kalian sering kehilangan ambis gak sih pas kuliah kayak â€œgak sesemangat duluâ€ gitu https://t.co/VLtjYUsdQx
FukeinaKo,2022-10-05 23:58:53+00:00,Tidur jam 3. Bangun 6.20. Kuliah 6.30
dibawahpressure,2022-10-05 23:58:44+00:00,Riiill. Dari aku SD sampe sekarang kuliah kebun papaku belum balik modal https://t.co/uFXou2760I
shantie_chua,2022-10-05 23:58:35+00:00,"@kenanganSisa Kan kuliah e ndek Semarang , dan Semarang kan hawanya panas kurang minum air putih , jadi minum e soft drink , es teh , Kratingdaeng gitu efeknya ginjal e rusak"
wsssss4646,2022-10-05 23:58:30+00:00,"kuliah rapat, kuliah rapat. tipes"
wheresminehuh,2022-10-05 23:57:56+00:00,"Gara"" mimpiin doi di kelas jadi semangat kuliah,sat set sat set.
Eh anjg malah salah baca jadwal
Harusnya dtg jm 10 gw malah dtg jm 7 bangsattt,emng klo udh jatuh cinta jadi goblok ye"
RudyCahyo66,2022-10-05 23:57:48+00:00,"Megawati Soekarnoputri beri Kuliah Umum kepada Perwira TNI AL di Seskoal

Megawati Soekarnoputri beri Kuliah Umum kepada perwira TNI AL https://t.co/L04aKtzySJ"
jeonguwoo,2022-10-05 23:57:31+00:00,udah 3 hari gak kuliah karena kelas batal terus.
fourmoremerch,2022-10-05 23:57:27+00:00,"Seorang dosen di Universitas Glasgow, Skotlandia, menganjurkan mahasiswanya agar aktif nge-tweet saat kuliah berlangsung #fourmoremerch"
ccutienjun,2022-10-05 23:57:27+00:00,hujan gini jdi mls kuliah...
adyarsah,2022-10-05 23:57:23+00:00,@Wira19298 Males kuliah juga aseli
Armyajaudah,2022-10-05 23:57:22+00:00,"@sbmptnfess Kuliah bljr, les bljr gt"
mas_mas_Jawaa,2022-10-05 23:57:19+00:00,"@collegemenfess ga penting sih, rata"" orang yg sukses itu ngga pacaran.. 
aku pernah denger motivator bahwa, ""kita terlalu punya banyak waktu luang sehingga bisa untuk pacaran, sedangkan di masa masa kuliah itu adalah masa terbaik untuk membentuk kepribadian dan prestasi lebih baik lagi"""
Sabrina3aisyah,2022-10-05 23:57:17+00:00,"Kasian sih ke cewenya 
Di selingkuhi berkali kali masih bertahan dan begonya mau aja di suruh ngerjain semua tugas kuliah si cowo."
BBAEXHYVN,2022-10-05 23:56:57+00:00,ğŸ™‚ğŸ™‚ gimana mau kuliah coy kalo semua jalan banjir begini
Bylaxx_,2022-10-05 23:56:51+00:00,"@sbyfess -karena gua percaya sih, semua itu kadarnya bukan mampu ga mampu tapi niat apa ganiat. Gua juga dlu kuliah jajan cuma 30rb kdg masih bisa kok bikin kejutan buat pasar gua waktu meski sederhana."
hiraethhv,2022-10-05 23:56:42+00:00,morning gaiss klo klian ikut anisd rep aj gwe mau ngehypein klian juga tpi ntar rada siangan skrg ngantuk bgt mau kuliah dlu ok bye smangat smuaa
arieo,2022-10-05 23:56:39+00:00,@foreslhadow km kuliah untuk belajar atau untuk stress bang
strawbeyicake,2022-10-05 23:56:35+00:00,@redwomansan ktaku mnding km kuliah krjain tugasmu yg segambreng itu
startedwithc,2022-10-05 23:56:30+00:00,hectic emang kuliah jam segini macet poll
Fery49857895,2022-10-05 23:56:29+00:00,"Kenapa ga ada foto Wisuda ? Tak ada teman kuliah!?  kapan kuliah ? 
Rakyat tunggu kejujuran Jokowi siapa dia sebentarnya? 
#RIDamaiTanpaPolisi
#RIDamaiTanpaPolisi
Istana Angkat Bicara Soal Presiden Jokowi Digugat ke Pengadilan Atas Dugaan Ijazah Palsu https://t.co/aHrqD8I8VE"
skelrton,2022-10-05 23:56:28+00:00,@ssefnum kuliah
friska1110,2022-10-05 23:56:04+00:00,@dhiks27 @MamatAlkatiri Makanya kuliah di Indonesia aja biar bisa bedain sarkas dan satire mbak DPR.. Gemes amat mamat.. ğŸ˜…
sadlymady,2022-10-05 23:56:03+00:00,apa gausah kuliah aja ya
dinosalshurs,2022-10-05 23:56:01+00:00,satu lagu buat deskripsiin kuliah offline semester ini di ITB : https://t.co/krz704RJoG
wsolfie,2022-10-05 23:55:30+00:00,"@ssefnum kuliah siang tapi berangkat tetep pagi, kerkom."
Raeun_park,2022-10-05 23:55:19+00:00,"@amazingbloop hayyi morning thamu iyya thamu yang baca ini , gimana tidur na nyenyak nda?hari ini ada kegiatan kerja/kuliah/school kah? kalau iya semangat okey, don't skip u breakfast and have a nice day ay, jangan lupa tersenyum untuk dirimu sendiri okey ^^ğŸ¤"
Raeun_park,2022-10-05 23:55:16+00:00,"@jisooloqal hayyi morning thamu iyya thamu yang baca ini , gimana tidur na nyenyak nda?hari ini ada kegiatan kerja/kuliah/school kah? kalau iya semangat okey, don't skip u breakfast and have a nice day ay, jangan lupa tersenyum untuk dirimu sendiri okey ^^ğŸ¤"
Raeun_park,2022-10-05 23:55:12+00:00,"@rubydeninii hayyi morning thamu iyya thamu yang baca ini , gimana tidur na nyenyak nda?hari ini ada kegiatan kerja/kuliah/school kah? kalau iya semangat okey, don't skip u breakfast and have a nice day ay, jangan lupa tersenyum untuk dirimu sendiri okey ^^ğŸ¤"
sicalonsultan,2022-10-05 23:55:08+00:00,"@curhatanpublik apa si jokowi pas kuliah ga punya teman? teman kampus,teman kosan? smp saat ini ga ada 1 org ngaku kenal dgn jokowi waktu dikampus, bahkan pihak ugm juga blm klarifikasi? #ijasahpalsu"
pshwateez,2022-10-05 23:55:07+00:00,ptn! kuliah di top 30 an gapapa kan ya?ğŸ¥ºğŸ¥ºğŸ¥ºğŸ¥º https://t.co/PakFB6oZgc
Raeun_park,2022-10-05 23:55:07+00:00,"@IiIunar hayyi morning thamu iyya thamu yang baca ini , gimana tidur na nyenyak nda?hari ini ada kegiatan kerja/kuliah/school kah? kalau iya semangat okey, don't skip u breakfast and have a nice day ay, jangan lupa tersenyum untuk dirimu sendiri okey ^^ğŸ¤"
Raeun_park,2022-10-05 23:55:03+00:00,"@arzakany hayyi morning thamu iyya thamu yang baca ini , gimana tidur na nyenyak nda?hari ini ada kegiatan kerja/kuliah/school kah? kalau iya semangat okey, don't skip u breakfast and have a nice day ay, jangan lupa tersenyum untuk dirimu sendiri okey ^^ğŸ¤"
Raeun_park,2022-10-05 23:54:59+00:00,"@glumehubba hayyi morning thamu iyya thamu yang baca ini , gimana tidur na nyenyak nda?hari ini ada kegiatan kerja/kuliah/school kah? kalau iya semangat okey, don't skip u breakfast and have a nice day ay, jangan lupa tersenyum untuk dirimu sendiri okey ^^ğŸ¤"
Raeun_park,2022-10-05 23:54:54+00:00,"@fvxkala hayyi morning thamu iyya thamu yang baca ini , gimana tidur na nyenyak nda?hari ini ada kegiatan kerja/kuliah/school kah? kalau iya semangat okey, don't skip u breakfast and have a nice day ay, jangan lupa tersenyum untuk dirimu sendiri okey ^^ğŸ¤"
Raeun_park,2022-10-05 23:54:51+00:00,"@bellariey hayyi morning thamu iyya thamu yang baca ini , gimana tidur na nyenyak nda?hari ini ada kegiatan kerja/kuliah/school kah? kalau iya semangat okey, don't skip u breakfast and have a nice day ay, jangan lupa tersenyum untuk dirimu sendiri okey ^^ğŸ¤"
Raeun_park,2022-10-05 23:54:48+00:00,"@zellaberrys hayyi morning thamu iyya thamu yang baca ini , gimana tidur na nyenyak nda?hari ini ada kegiatan kerja/kuliah/school kah? kalau iya semangat okey, don't skip u breakfast and have a nice day ay, jangan lupa tersenyum untuk dirimu sendiri okey ^^ğŸ¤"
delxmarch,2022-10-05 23:54:46+00:00,"@ABCMocca__ @megantropusdada @kochengfs gue udah nekat, tapi pas gue ke kota lain buat kuliah kucing gue dah dibuang ğŸ˜­ğŸ˜­ğŸ˜­ğŸ˜­"
breakdownfreaks,2022-10-05 23:54:44+00:00,"@biancavocado @sbmptnfess tapi tapi, jujur deh kalau kita kuliah di tempat yang ga terlalu terkenal, biasanya susah juga nyari kerja. Soalnya, kemarin lewat di tl, banyak yang ngehire pelamar dari univ gede kek ui,itb,unpad, dll"
Raeun_park,2022-10-05 23:54:36+00:00,"@vetranxxe hayyi morning thamu iyya thamu yang baca ini , gimana tidur na nyenyak nda?hari ini ada kegiatan kerja/kuliah/school kah? kalau iya semangat okey, don't skip u breakfast and have a nice day ay, jangan lupa tersenyum untuk dirimu sendiri okey ^^ğŸ¤"
Raeun_park,2022-10-05 23:54:30+00:00,"@drazstice hayyi morning thamu iyya thamu yang baca ini , gimana tidur na nyenyak nda?hari ini ada kegiatan kerja/kuliah/school kah? kalau iya semangat okey, don't skip u breakfast and have a nice day ay, jangan lupa tersenyum untuk dirimu sendiri okey ^^ğŸ¤"
Raeun_park,2022-10-05 23:54:27+00:00,"@aevolindryn hayyi morning thamu iyya thamu yang baca ini , gimana tidur na nyenyak nda?hari ini ada kegiatan kerja/kuliah/school kah? kalau iya semangat okey, don't skip u breakfast and have a nice day ay, jangan lupa tersenyum untuk dirimu sendiri okey ^^ğŸ¤"
Raeun_park,2022-10-05 23:54:23+00:00,"@sxncgrtts hayyi morning thamu iyya thamu yang baca ini , gimana tidur na nyenyak nda?hari ini ada kegiatan kerja/kuliah/school kah? kalau iya semangat okey, don't skip u breakfast and have a nice day ay, jangan lupa tersenyum untuk dirimu sendiri okey ^^ğŸ¤"
Raeun_park,2022-10-05 23:54:20+00:00,"@varaaqueen hayyi morning thamu iyya thamu yang baca ini , gimana tidur na nyenyak nda?hari ini ada kegiatan kerja/kuliah/school kah? kalau iya semangat okey, don't skip u breakfast and have a nice day ay, jangan lupa tersenyum untuk dirimu sendiri okey ^^ğŸ¤"
Raeun_park,2022-10-05 23:54:14+00:00,"@SADIPXX hayyi morning thamu iyya thamu yang baca ini , gimana tidur na nyenyak nda?hari ini ada kegiatan kerja/kuliah/school kah? kalau iya semangat okey, don't skip u breakfast and have a nice day ay, jangan lupa tersenyum untuk dirimu sendiri okey ^^ğŸ¤"
TAE8YS,2022-10-05 23:54:11+00:00,"@sbmptnfess Tuhkan mulai lagi latahnya.

Ga penting mau kuliah dimana yang penting kamu serius nuntut ilmu nya. Udahlah... Semua ptn/pts bagus kok, jgn underestimate kampus kamu sendiri gitu dong:(("
Raeun_park,2022-10-05 23:54:10+00:00,"@cgrtvan hayyi morning thamu iyya thamu yang baca ini , gimana tidur na nyenyak nda?hari ini ada kegiatan kerja/kuliah/school kah? kalau iya semangat okey, don't skip u breakfast and have a nice day ay, jangan lupa tersenyum untuk dirimu sendiri okey ^^ğŸ¤"
quntitled,2022-10-05 23:54:09+00:00,@ssefnum kuliah nanti siang
autumnjwy,2022-10-05 23:54:04+00:00,alhamdulillah karena tbtb aku dikasi tip sama cust ğŸ¥¹ğŸ¥¹ mau GA 2.5k buat 2 orang. RT aja aku undi besok pulang kuliah sore #zonauang https://t.co/RvHr8Eseq4
chsbinie_,2022-10-05 23:54:02+00:00,"@aksaraadion SIAPP, Dion juga yaa biar semangat kuliah nya"
Raeun_park,2022-10-05 23:53:58+00:00,"@txtalana hayyi morning thamu iyya thamu yang baca ini , gimana tidur na nyenyak nda?hari ini ada kegiatan kerja/kuliah/school kah? kalau iya semangat okey, don't skip u breakfast and have a nice day ay, jangan lupa tersenyum untuk dirimu sendiri okey ^^ğŸ¤"
Haeyoung099688,2022-10-05 23:53:57+00:00,Eri cuti kuliah https://t.co/uJ9g5wDf10
Raeun_park,2022-10-05 23:53:53+00:00,"@anchszy hayyi morning thamu iyya thamu yang baca ini , gimana tidur na nyenyak nda?hari ini ada kegiatan kerja/kuliah/school kah? kalau iya semangat okey, don't skip u breakfast and have a nice day ay, jangan lupa tersenyum untuk dirimu sendiri okey ^^ğŸ¤"
moonspti,2022-10-05 23:53:51+00:00,"@mintamaapya gapapa, aku 2001 belum kuliah. kalo nanti kuliah aku juga yg lebih tua dari yg lain. semangat ya, fokus aja sm kuliahmu, jgn dengerin yg cuma bisa ngmng doang xixixi"
elmooobeei,2022-10-05 23:53:51+00:00,@sbmptnfess Kuliah dimanapun pas ketemu masa stress mah ya stressnya sama aja
Raeun_park,2022-10-05 23:53:45+00:00,"@slctude hayyi morning thamu iyya thamu yang baca ini , gimana tidur na nyenyak nda?hari ini ada kegiatan kerja/kuliah/school kah? kalau iya semangat okey, don't skip u breakfast and have a nice day ay, jangan lupa tersenyum untuk dirimu sendiri okey ^^ğŸ¤"
mscthi,2022-10-05 23:53:40+00:00,"â€” OUTFIT NGAMPUS âœ¨
     (part 2)

buat yang lagi bingung mau pake outfit apa ke kampus, yuk langsung kepoin thread di bawah! â¬‡ï¸

tags : fashion, ootd, kuliah offline, kemeja, kulot. https://t.co/u54Lw9NCps"
jimiberryss,2022-10-05 23:53:33+00:00,SEE YOU ON SATURDAY SAYANGKUUUU hr ini kuliah dulu 3 matkulğŸ˜” https://t.co/5hVFj2O80R
muamarmusa,2022-10-05 23:53:14+00:00,"@almostparadox Gak ada, soalnya dah gak ambil mata kuliah lagi, sisa tugas akhir"
Raeun_park,2022-10-05 23:53:05+00:00,"@arsbyxs__ hayyi morning thamu iyya thamu yang baca ini , gimana tidur na nyenyak nda?hari ini ada kegiatan kerja/kuliah/school kah? kalau iya semangat okey, don't skip u breakfast and have a nice day ay, jangan lupa tersenyum untuk dirimu sendiri okey ^^ğŸ¤"
Raeun_park,2022-10-05 23:53:00+00:00,"@bajingloeh hayyi morning thamu iyya thamu yang baca ini , gimana tidur na nyenyak nda?hari ini ada kegiatan kerja/kuliah/school kah? kalau iya semangat okey, don't skip u breakfast and have a nice day ay, jangan lupa tersenyum untuk dirimu sendiri okey ^^ğŸ¤"
Raeun_park,2022-10-05 23:52:49+00:00,"@chufpy hayyi morning thamu iyya thamu yang baca ini , gimana tidur na nyenyak nda?hari ini ada kegiatan kerja/kuliah/school kah? kalau iya semangat okey, don't skip u breakfast and have a nice day ay, jangan lupa tersenyum untuk dirimu sendiri okey ^^ğŸ¤"
itskiahype,2022-10-05 23:52:49+00:00,"OOTD KULIAH
Outer/Kemeja: https://t.co/oFVZtivQHa
Daleman/Manset: https://t.co/xHA8nes0ba
Tote bag: https://t.co/fryT5fEPp6
Celana : https://t.co/XooooXB9Aj
Kacamata : https://t.co/ZrDMsWTMLy
Army Kyuhyun #EXO_GetTogether #TheLinkinJKT #28ReasonsWithSeulgi #ONEPIECE1062 Telkomsel https://t.co/jqg8KgmXck"
rapusodie,2022-10-05 23:52:47+00:00,"total selama kuliah setengah semester ini baru 3 kali libur (atau cuma nugas), termasuk banyak ga sih?"
univ_syiahkuala,2022-10-05 23:52:46+00:00,"#BeritaUSK
Usai sudah kegiatan Kuliah Kerja Nyata (KKN) Kebangsaan dan KKN Bersama ke-10 tahun 2022 yang diselenggarakan oleh Universitas Palangkaraya. Sebanyak 10 Mahasiswa dari Universitas Syiah Kuala (USK) kembali pulang ke Banda Aceh.
https://t.co/FiGwmyHa9n

#USK https://t.co/709nO9DhJY"
minumaquagalon,2022-10-05 23:52:46+00:00,"Oh kangen keseharian kuliah. bangun pagi, jogging, sarapan,  denger radio, leyeh2 nunggu kelas jam 2 siang"
anothermiw,2022-10-05 23:52:44+00:00,@gunsfav_ Dh mulai kuliah?
Raeun_park,2022-10-05 23:52:37+00:00,"@_apocalypsexxx hayyi morning thamu iyya thamu yang baca ini , gimana tidur na nyenyak nda?hari ini ada kegiatan kerja/kuliah/school kah? kalau iya semangat okey, don't skip u breakfast and have a nice day ay, jangan lupa tersenyum untuk dirimu sendiri okey ^^ğŸ¤"
Raeun_park,2022-10-05 23:52:31+00:00,"@mikdamnn hayyi morning thamu iyya thamu yang baca ini , gimana tidur na nyenyak nda?hari ini ada kegiatan kerja/kuliah/school kah? kalau iya semangat okey, don't skip u breakfast and have a nice day ay, jangan lupa tersenyum untuk dirimu sendiri okey ^^ğŸ¤"
markahzzz,2022-10-05 23:52:28+00:00,Gua kuliah jam 7.30 btw....
acIingy,2022-10-05 23:52:25+00:00,@ssefnum kuliah
ArdiAnugerahW4,2022-10-05 23:52:24+00:00,"@collegemenfess aku pernah ngiri sama temen yg punya pacar wkt kuliah, trs ada org blg gini ğŸ¥² https://t.co/vw7ImLuE1d"
strawbeyicake,2022-10-05 23:52:22+00:00,"@puingasa kamu stress kenapa? gak udah udah kayaknya, semoga cepet selesai ya ğŸ˜¢ KABARKU BAIK, walau suka kecapean kuliah ğŸ˜‚"
Raeun_park,2022-10-05 23:52:09+00:00,"@weusethetics hayyi morning thamu iyya thamu yang baca ini , gimana tidur na nyenyak nda?hari ini ada kegiatan kerja/kuliah/school kah? kalau iya semangat okey, don't skip u breakfast and have a nice day ay, jangan lupa tersenyum untuk dirimu sendiri okey ^^ğŸ¤"
Raeun_park,2022-10-05 23:52:02+00:00,"@lilivgjjj hayyi morning thamu iyya thamu yang baca ini , gimana tidur na nyenyak nda?hari ini ada kegiatan kerja/kuliah/school kah? kalau iya semangat okey, don't skip u breakfast and have a nice day ay, jangan lupa tersenyum untuk dirimu sendiri okey ^^ğŸ¤"
Raeun_park,2022-10-05 23:51:57+00:00,"@shineshine13_ hayyi morning thamu iyya thamu yang baca ini , gimana tidur na nyenyak nda?hari ini ada kegiatan kerja/kuliah/school kah? kalau iya semangat okey, don't skip u breakfast and have a nice day ay, jangan lupa tersenyum untuk dirimu sendiri okey ^^ğŸ¤"
noppwark,2022-10-05 23:51:54+00:00,@ndagels turunkan harga paket telkomsel PLSSS AKU BOKEK BGT SAMPE KULIAH GAK JAJAN
y0nvm,2022-10-05 23:51:53+00:00,"Gua udah lari dari bawah krn telat, sampe atas ternyata dosennya udh pergi dan cuma suruh mahasiswanya ikut kuliah umum, bangkeeee https://t.co/WuZxBqzruk"
Raeun_park,2022-10-05 23:51:50+00:00,"@shtvfp hayyi morning thamu iyya thamu yang baca ini , gimana tidur na nyenyak nda?hari ini ada kegiatan kerja/kuliah/school kah? kalau iya semangat okey, don't skip u breakfast and have a nice day ay, jangan lupa tersenyum untuk dirimu sendiri okey ^^ğŸ¤"
Raeun_park,2022-10-05 23:51:40+00:00,"@ourceilo hayyi morning thamu iyya thamu yang baca ini , gimana tidur na nyenyak nda?hari ini ada kegiatan kerja/kuliah/school kah? kalau iya semangat okey, don't skip u breakfast and have a nice day ay, jangan lupa tersenyum untuk dirimu sendiri okey ^^ğŸ¤"
Raeun_park,2022-10-05 23:51:31+00:00,"@heishaechan hayyi morning thamu iyya thamu yang baca ini , gimana tidur na nyenyak nda?hari ini ada kegiatan kerja/kuliah/school kah? kalau iya semangat okey, don't skip u breakfast and have a nice day ay, jangan lupa tersenyum untuk dirimu sendiri okey ^^ğŸ¤"
eizjiro,2022-10-05 23:51:27+00:00,"[âš ï¸PENCURIAN LAPTOP DI KOSâš ï¸]
Lokasi: Kukel, sekitar pintu keluar vokasi.
Spesifikasi laptop: Macbook Pro Mid 2012 Silver

Hati-hati ya guys, laptop gue kemarin ilang di kamar kosan. Kejadiannya kira-kira jam 13.00 - 15.30. Kondisi kamar gue emang kosong karena ada kuliah."
Raeun_park,2022-10-05 23:51:25+00:00,"@aksenrtvs hayyi morning thamu iyya thamu yang baca ini , gimana tidur na nyenyak nda?hari ini ada kegiatan kerja/kuliah/school kah? kalau iya semangat okey, don't skip u breakfast and have a nice day ay, jangan lupa tersenyum untuk dirimu sendiri okey ^^ğŸ¤"
Raeun_park,2022-10-05 23:51:21+00:00,"@nreshwara hayyi morning thamu iyya thamu yang baca ini , gimana tidur na nyenyak nda?hari ini ada kegiatan kerja/kuliah/school kah? kalau iya semangat okey, don't skip u breakfast and have a nice day ay, jangan lupa tersenyum untuk dirimu sendiri okey ^^ğŸ¤"
jajanajayuu,2022-10-05 23:51:17+00:00,[cm] guys mnrt kalian in relationship di masa kuliah tu penting ga? https://t.co/A8UjXzS7wE
AbangZed75,2022-10-05 23:51:10+00:00,"Kenapa ga ada foto Wisuda ? Tak ada teman kuliah!?  kapan kuliah ? 
Rakyat tunggu kejujuran Jokowi siapa dia sebentarnya? 
#RIDamaiTanpaPolisi
#RIDamaiTanpaPolisi
Istana Angkat Bicara Soal Presiden Jokowi Digugat ke Pengadilan Atas Dugaan Ijazah Palsu https://t.co/aHrqD8I8VE"
Raeun_park,2022-10-05 23:51:09+00:00,"@ngenfott hayyi morning thamu iyya thamu yang baca ini , gimana tidur na nyenyak nda?hari ini ada kegiatan kerja/kuliah/school kah? kalau iya semangat okey, don't skip u breakfast and have a nice day ay, jangan lupa tersenyum untuk dirimu sendiri okey ^^ğŸ¤"
madriddicko,2022-10-05 23:51:07+00:00,Udah kerja pengen kuliah lagi ğŸ¥²ğŸ¥²
Raeun_park,2022-10-05 23:51:03+00:00,"@mkaelcsr hayyi morning thamu iyya thamu yang baca ini , gimana tidur na nyenyak nda?hari ini ada kegiatan kerja/kuliah/school kah? kalau iya semangat okey, don't skip u breakfast and have a nice day ay, jangan lupa tersenyum untuk dirimu sendiri okey ^^ğŸ¤"
Raeun_park,2022-10-05 23:50:58+00:00,"@chayyiesnv hayyi morning thamu iyya thamu yang baca ini , gimana tidur na nyenyak nda?hari ini ada kegiatan kerja/kuliah/school kah? kalau iya semangat okey, don't skip u breakfast and have a nice day ay, jangan lupa tersenyum untuk dirimu sendiri okey ^^ğŸ¤"
jajanajayuu,2022-10-05 23:50:55+00:00,"@collegemenfess aku pernah ngiri sama temen yg punya pacar wkt kuliah, trs ada org blg gini ğŸ¥² https://t.co/vw7ImLuE1d"
NEOphyte088,2022-10-05 23:50:55+00:00,Sumpah sejak kuliah offline ngerasa bgt tidur itu mahal ğŸ˜ŒğŸ˜ŒğŸ˜Œ
Raeun_park,2022-10-05 23:50:54+00:00,"@khfazr hayyi morning thamu iyya thamu yang baca ini , gimana tidur na nyenyak nda?hari ini ada kegiatan kerja/kuliah/school kah? kalau iya semangat okey, don't skip u breakfast and have a nice day ay, jangan lupa tersenyum untuk dirimu sendiri okey ^^ğŸ¤"
megaagryn,2022-10-05 23:50:52+00:00,"pagi pagi dah ujan, keknya gausa kuliah aja ga si:("
nnewbula,2022-10-05 23:50:50+00:00,@pacarhourly Aku kuliah sih sama nyelesein project aja
Raeun_park,2022-10-05 23:50:49+00:00,"@urlove_mou hayyi morning thamu iyya thamu yang baca ini , gimana tidur na nyenyak nda?hari ini ada kegiatan kerja/kuliah/school kah? kalau iya semangat okey, don't skip u breakfast and have a nice day ay, jangan lupa tersenyum untuk dirimu sendiri okey ^^ğŸ¤"
Raeun_park,2022-10-05 23:50:45+00:00,"@lijenechan hayyi morning thamu iyya thamu yang baca ini , gimana tidur na nyenyak nda?hari ini ada kegiatan kerja/kuliah/school kah? kalau iya semangat okey, don't skip u breakfast and have a nice day ay, jangan lupa tersenyum untuk dirimu sendiri okey ^^ğŸ¤"
Raeun_park,2022-10-05 23:50:40+00:00,"@nellalaland_ hayyi morning thamu iyya thamu yang baca ini , gimana tidur na nyenyak nda?hari ini ada kegiatan kerja/kuliah/school kah? kalau iya semangat okey, don't skip u breakfast and have a nice day ay, jangan lupa tersenyum untuk dirimu sendiri okey ^^ğŸ¤"
dararidaa,2022-10-05 23:50:39+00:00,"@collegemenfess Sama, kadang ngebayangin mungkin kuliah ga akan sesulit ini kalo bpk masih ada, tapi sekarang ya jalanin aja deh walau sambil nangis"
arshivv,2022-10-05 23:50:39+00:00,"@sbmptnfess ya gapapa atuhh, kuliah dimana dimana juga sama, gimana kitanya aja"
Raeun_park,2022-10-05 23:50:36+00:00,"@drckular hayyi morning thamu iyya thamu yang baca ini , gimana tidur na nyenyak nda?hari ini ada kegiatan kerja/kuliah/school kah? kalau iya semangat okey, don't skip u breakfast and have a nice day ay, jangan lupa tersenyum untuk dirimu sendiri okey ^^ğŸ¤"
gua_bangkun,2022-10-05 23:50:36+00:00,"@txtdrberseragam mending minta dibiayain buat kuliah aja dek daripada akpol, skrng klo mau jd dokter harus kuliah dulu, mau jd insinyur jg kuliah dulu bahkan mau jd guru pun harus kuliah dulu, tp kalo cmn mau jd palicvi gaperlu kuliah, jgn mau dikumpulin sm SDM yg kerjaan nya ""dak dek dak dek"""
colqmbina,2022-10-05 23:50:27+00:00,@akaritaru @babufess Okeyy. Aku juga mau habis ini kuliah dulu ğŸ˜„
Raeun_park,2022-10-05 23:50:23+00:00,"@lovelytzy_zyly hayyi morning thamu iyya thamu yang baca ini , gimana tidur na nyenyak nda?hari ini ada kegiatan kerja/kuliah/school kah? kalau iya semangat okey, don't skip u breakfast and have a nice day ay, jangan lupa tersenyum untuk dirimu sendiri okey ^^ğŸ¤"
Raeun_park,2022-10-05 23:50:17+00:00,"@arrasyx hayyi morning thamu iyya thamu yang baca ini , gimana tidur na nyenyak nda?hari ini ada kegiatan kerja/kuliah/school kah? kalau iya semangat okey, don't skip u breakfast and have a nice day ay, jangan lupa tersenyum untuk dirimu sendiri okey ^^ğŸ¤"
univ_syiahkuala,2022-10-05 23:50:12+00:00,"#BeritaUSK 
Komisi Kejaksaan Republik Indonesia bersama Universitas Syiah Kuala (USK) melaksanakan kuliah umum dan diskusi publik, yang membahas tentang kepercayaan publik terhadap penegakkan hukum di Tanah Air.
https://t.co/V9CbN6Hymy

#USK https://t.co/4qBqqK5dMI"
Raeun_park,2022-10-05 23:50:12+00:00,"@celliazy hayyi morning thamu iyya thamu yang baca ini , gimana tidur na nyenyak nda?hari ini ada kegiatan kerja/kuliah/school kah? kalau iya semangat okey, don't skip u breakfast and have a nice day ay, jangan lupa tersenyum untuk dirimu sendiri okey ^^ğŸ¤"
markahzzz,2022-10-05 23:50:09+00:00,"Ini gua baru bngn trs kamar mandi ada orng dan dia lama bgtğŸ˜„, apa gausah kuliah aja ya.... https://t.co/ufI4puOVXB"
Raeun_park,2022-10-05 23:50:08+00:00,"@bbyjeongle hayyi morning thamu iyya thamu yang baca ini , gimana tidur na nyenyak nda?hari ini ada kegiatan kerja/kuliah/school kah? kalau iya semangat okey, don't skip u breakfast and have a nice day ay, jangan lupa tersenyum untuk dirimu sendiri okey ^^ğŸ¤"
Raeun_park,2022-10-05 23:50:02+00:00,"@cireyeng hayyi morning thamu iyya thamu yang baca ini , gimana tidur na nyenyak nda?hari ini ada kegiatan kerja/kuliah/school kah? kalau iya semangat okey, don't skip u breakfast and have a nice day ay, jangan lupa tersenyum untuk dirimu sendiri okey ^^ğŸ¤"
hoon99_au,2022-10-05 23:49:58+00:00,"Chenji random tweet au!

Lokal pride arek suroboyoan au!

Lian as koko crazy rich surabaya yg kuliah di univ negeri malang.

Jonathan as anak malang asli yg kuliah di univ yg sama tapi beda jurusan. https://t.co/eRaHauRb1q"
Raeun_park,2022-10-05 23:49:57+00:00,"@jenaskaa hayyi morning thamu iyya thamu yang baca ini , gimana tidur na nyenyak nda?hari ini ada kegiatan kerja/kuliah/school kah? kalau iya semangat okey, don't skip u breakfast and have a nice day ay, jangan lupa tersenyum untuk dirimu sendiri okey ^^ğŸ¤"
Raeun_park,2022-10-05 23:49:53+00:00,"@Capellyrae hayyi morning thamu iyya thamu yang baca ini , gimana tidur na nyenyak nda?hari ini ada kegiatan kerja/kuliah/school kah? kalau iya semangat okey, don't skip u breakfast and have a nice day ay, jangan lupa tersenyum untuk dirimu sendiri okey ^^ğŸ¤"
Raeun_park,2022-10-05 23:49:49+00:00,"@muorphinne hayyi morning thamu iyya thamu yang baca ini , gimana tidur na nyenyak nda?hari ini ada kegiatan kerja/kuliah/school kah? kalau iya semangat okey, don't skip u breakfast and have a nice day ay, jangan lupa tersenyum untuk dirimu sendiri okey ^^ğŸ¤"
Raeun_park,2022-10-05 23:49:45+00:00,"@kaelkh hayyi morning thamu iyya thamu yang baca ini , gimana tidur na nyenyak nda?hari ini ada kegiatan kerja/kuliah/school kah? kalau iya semangat okey, don't skip u breakfast and have a nice day ay, jangan lupa tersenyum untuk dirimu sendiri okey ^^ğŸ¤"
byrvnmrthvn,2022-10-05 23:49:44+00:00,@bunyby15 Thn depan gitu ta?ponakan aku gak kuliah malah
mintchouchou,2022-10-05 23:49:40+00:00,"@ssefnum Hari ini kuliah, besok sekolah"
drunkephysics,2022-10-05 23:49:04+00:00,Orang-orang berangkat kuliah kok bs ya ga sarapan dulu
xecured,2022-10-05 23:48:48+00:00,"@ssefnum seharusnya kuliah pagi, tapi trnyata libur. dan loe tau nder? gwe udah mandi ğŸ˜€ğŸ˜€ğŸ˜€"
fifahsr20,2022-10-05 23:48:41+00:00,"@Askrlfess Percaya dan memang ada, saya punya kenalan teman kuliah laki laki sampai hari ini dia enggak pernah pacaran"
ya_sintakan,2022-10-05 23:48:38+00:00,"@shashanaa_ @Jarangboong @entahlahBin @falla_adinda Kieso itu buku yg km pake nder ğŸ¤£ğŸ¤£ğŸ¤£ğŸ¤£ yg km sebut Wiley. Yaudah dibiasain aja, karna kan memang dari awal perkuliahan pasti pakai bukunya Kieso dan english. W jg dulu jaman SMA buku nga Indo, tp kuliah pakrnya English. Istilah di Kieso mudah dimengerti. Belajar brg sm yg ngerti"
seroduel,2022-10-05 23:48:21+00:00,gaenak badan tp berangkat kuliah subuhsubuh tuh berasa melayang dan nggak napak
asdfkg_unknown,2022-10-05 23:48:13+00:00,[bb] rekomendasi tas gendong kuliah yang ga terlalu besar guysğŸ¥ºğŸ«¶ğŸ» https://t.co/yvRbYSvLrM
cookiesncip,2022-10-05 23:48:09+00:00,nikmat bukan kuliah materi pertama uda asinkron lg https://t.co/zwLLVuXNv8
taeevantaee,2022-10-05 23:47:52+00:00,"@fuckideah siapp! ini lagi sarapan. u too, zen. hari ini full kuliah aja ni, hbu? thank yoouu"
teoremabodong,2022-10-05 23:47:50+00:00,@KeigoHong Tugas kuliah wkwkwk pada sibuk magang tugasnya terbengkalai ğŸ’€ğŸ’€ğŸ’€
iniyaaya,2022-10-05 23:47:34+00:00,hehe ngga jdi kuliah pagi
xadkaaz_,2022-10-05 23:47:32+00:00,"Button Skirt
â€¢cocok buat dipakai kuliahâ€¢
ğŸ”—https://t.co/93Sa3DBDdS

t. Selasa Hujan Iqbaal Run BTS iPad #BTSTokopedia #JENNIExCHANELSS23 https://t.co/J3TwtdcIeA"
aonlisioowi,2022-10-05 23:47:27+00:00,ptn! kuliah di top 30 an gapapa kan ya?ğŸ¥ºğŸ¥ºğŸ¥ºğŸ¥º https://t.co/PakFB6oZgc
byrvnmrthvn,2022-10-05 23:47:20+00:00,@bunyby15 Kuliah?brarti se angkatan ponakan aku nih kayaknya
prentwt,2022-10-05 23:47:19+00:00,Kepikiran mau nyelesaiin tapi gua kuliah pagi dan harus tidur.
pencintakubis,2022-10-05 23:47:11+00:00,"Udh hujan2an ke kampus nyampe jam 8 takut udh telat, pas nyampe ke kelas ternyata masih sepi n temen bilang klo kuliah online ğŸ™ƒğŸ™ƒğŸ™ƒğŸ™ƒ"
Armyajaudah,2022-10-05 23:47:05+00:00,@convomfs Kuliah aj kyk biasa
LePetitez,2022-10-05 23:47:00+00:00,"@ssefnum Kuliah, tapi jamkos deh."
bendoverbois,2022-10-05 23:46:50+00:00,@ssefnum Ngantor di kuliah
ABudima68828545,2022-10-05 23:46:49+00:00,"Kenapa ga ada foto Wisuda ? Tak ada teman kuliah!?  kapan kuliah ? 
Rakyat tunggu kejujuran Jokowi siapa dia sebentarnya? 
#RIDamaiTanpaPolisi
#RIDamaiTanpaPolisi
Istana Angkat Bicara Soal Presiden Jokowi Digugat ke Pengadilan Atas Dugaan Ijazah Palsu https://t.co/aHrqD8I8VE"
nawwniww,2022-10-05 23:46:39+00:00,hehehehe ini adalah rutinitas ku semenjak kuliah offline pagi hari https://t.co/U4uOiYABYH
Nadirareads,2022-10-05 23:46:37+00:00,masih pagi pengantar kuliah ku begini amat padahal tadi seneng karna mimpi indah ğŸ˜”
toriq01393496,2022-10-05 23:46:36+00:00,"@Deccy_imoet Makasih, serasa kuliah pagi"
ukuuu4,2022-10-05 23:46:34+00:00,@JJusaturnep lek ga kuliahğŸ˜­ğŸ¤£
Tri_BukitMenore,2022-10-05 23:46:31+00:00,"@OposisiCerdas Menebar kebencian atau bukan tinggal buktikan di pengadilan ini masalah mudah tunjukan ijazah aslinya dan siapkan saksinya dari temanÂ² sekolah, kuliah, guru dan dosennya."
ssefnum,2022-10-05 23:46:19+00:00,kalian hari ini sekolah atau kuliah ni ? -rl
inietak,2022-10-05 23:46:16+00:00,"@collegemenfess penting lah, kalo stres kuliah ya bucin adalah solusinya"
b4cktoo,2022-10-05 23:46:14+00:00,"Di sisi lain kan lu jg butuh buat masuk kuliah... Harusnya lu fokus buat kebutuhan lu dulu... Bukannya bantu co model ga jelas gini... Kalo pun ketemu ni... Modelan kaya gini hanya ngomong doang, ttd perjanjian tapi zonk..."
sweeti3ss,2022-10-05 23:46:07+00:00,"males bgt kalo kuliah pagi, pasti jalannya rame bgttt https://t.co/frGkhjhopw"
sunvlouer,2022-10-05 23:45:49+00:00,Ya Allah kenapa aku harus masuk kuliah disaat jahim day
andikabp__,2022-10-05 23:45:48+00:00,@nndindh_ @mfthazm @bangucuupp kuliah apa sma dek
GIPA121ZAL,2022-10-05 23:45:08+00:00,"Capek anjir jadi anak pertama punya adek pada ga tau diri! Laptop gue udah di pake sama lu semua buat kuliah, kalau rusak yah usaha lah buat benerin.. Lah ini malah di balikin trs bilang ""mas laptopnya rusak, gue pake laptop yg ini boleh"" Kan astagfirullah bgt yak..."
saddurnus,2022-10-05 23:45:03+00:00,@sbmptnfess yaa gpp kuliah tu dmn aja dh yg ptg niat kitanya gmn
tanyakanrl,2022-10-05 23:45:03+00:00,"ğŸ’š guys kuliah ga ikut organisasi itu gapapa kan? sebenernya berpengaruh ke cari kerja ga sih? aku baru aja keluar karena ga betah dan kondisi kuliah offline yang lagi hectic parah, jadi pilih ga ikut apa apa, tolong pencerahannya guys, cape overthinkingğŸ˜­"
ellegaan,2022-10-05 23:44:36+00:00,"OPEN CONVERT (CV)

âœ¿ e-wallet prem &amp; nonprem
âœ¿ transfer bank &amp; VA
âœ¿ jastip bayar uang kuliah
âœ¿ cv pulsa tsel - tri - xl axis - isat

WA: https://t.co/YyPLS9D94r

#zonauang #zonaba"
bantuambisdong1,2022-10-05 23:44:17+00:00,"rutinitas pagi, sebelum kuliah
 : bdmdğŸ˜”
mau pindh kampus cepatâ€ plzğŸ™
#tetapkuliahwalaupunmls"
Eyunseok,2022-10-05 23:44:16+00:00,morning oll gw mau kuliah pagi
niaamakura,2022-10-05 23:44:06+00:00,Berdoa kepda tuhan agar dikasi rezeki biar anak nanti kuliah setinggi tingginya sehingga tidak perlu jadi
kucingkrisis,2022-10-05 23:44:02+00:00,Kismin kismin aset dibekukan tapi kuliah di uph hiyay https://t.co/OvOURs4WEl
sweetscthe8,2022-10-05 23:43:57+00:00,"@adoresviti morning kak za, aku kuliah. hbu??"
xadkaaz_,2022-10-05 23:43:53+00:00,"Tote bag wanitağŸ’—
ğŸ›https://t.co/toBlxgR88Y

t. Tas cocok untuk kuliah kerja arap Love yourself superM park jisung #AgnezMo #JeonYeoBeen #EXO_GetTogether #Kyungsoo #28ReasonsWithSeulgi #ì§„ê²€ìŠ¹ë¶€ #NCT127_LAPopUp #LALISA #SHUTDOWN6thWin #ootdStyle #ShopeePayTHR #shopeehaul https://t.co/Nr0GU7Kwb6"
urbabybooz,2022-10-05 23:43:41+00:00,"@adhitpricera @tutticlubbb Mo pickme, ak sehari malah 3 propinsi xixixi
Rumah depok
Kantor kunginga
Kuliah malem ciputat xixixi"
HunterKillerzxz,2022-10-05 23:43:40+00:00,"Kenapa ga ada foto Wisuda ? Tak ada teman kuliah!?  kapan kuliah ? 
Rakyat tunggu kejujuran Jokowi siapa dia sebentarnya? 
#RIDamaiTanpaPolisi
#RIDamaiTanpaPolisi
Istana Angkat Bicara Soal Presiden Jokowi Digugat ke Pengadilan Atas Dugaan Ijazah Palsu https://t.co/aHrqD8I8VE"
sbyfess,2022-10-05 23:43:24+00:00,-cak Kuliah semester 1 minggu ke 6 wes aras arasen. Menglelah
rizkydzu,2022-10-05 23:43:19+00:00,@collegemenfess Buat kuliah tuh cuman CTRL + C/X dan CTRL + V
xadkaaz_,2022-10-05 23:43:05+00:00,"Rekomendasi Sepatu Tampilan Casual âœ¨
Cocok untuk kuliah/hangout
1. https://t.co/mFXfoxfR14
2. https://t.co/wMSScUUa1i
3. https://t.co/eGeWBk4tbN
4. https://t.co/qKlV5YvCux

T: #SelamatDatangWayV Tasya rehan #Voguegala2022XMileApo KPop minicon with winner jisoo https://t.co/lovakgxKYt"
aircanea,2022-10-05 23:43:03+00:00,@coolblueberryz isi chat bapak js kepada anak (anakan)nya yg kuliah rantau
dinnteddy,2022-10-05 23:42:54+00:00,alhamdulillah karena tbtb aku dikasi tip sama cust ğŸ¥¹ğŸ¥¹ mau GA 2.5k buat 2 orang. RT aja aku undi besok pulang kuliah sore #zonauang https://t.co/RvHr8Eseq4
__sanaya,2022-10-05 23:42:47+00:00,[cm] Gimana ya caranya biar bikin lingkungan kuliah melek teknologi ğŸ˜ğŸ˜ https://t.co/XqxxnuRkCs
mriebljr,2022-10-05 23:42:40+00:00,Tuhan pengen kuliah https://t.co/18aYmsQShS
virmansyah_bram,2022-10-05 23:42:32+00:00,"Morning all semoga hari lebih baik dari hari kemarin,yang sakit lekas di sembuhkan,yg kerja Semangat kerja nya,yg kuliah semangat kuliah nya.ğŸ¤—ğŸ’ª"
honglah_,2022-10-05 23:42:28+00:00,@blinggdulce kuliah lagi donggg
TheRedSIeeve,2022-10-05 23:42:28+00:00,"@infotwitwor_ terimakasih, saya jadi termotivasi buat kuliah yg bener biar bisa sombong kayak gini ke kaum halo dek"
jeongchannieo,2022-10-05 23:42:08+00:00,WKWKW UDH SIAP BANGET KULIAH KIRAIN JAM 7 TERNYATA JAM 10 HEHEHWHHWHW
convomfs,2022-10-05 23:42:06+00:00,ğŸ’­ bolos kuliah atau ikut seleksi  offline interview alfamerit?
22O913,2022-10-05 23:42:00+00:00,Sp yg dh kuliah tp sarapannya masih disuapin mmak? Ak
rantiadiantt,2022-10-05 23:41:58+00:00,"@kaptenAmercia Gagal dapet kerja, gagal kuliah, gagal we pokonamah:(("
liaxxnjun,2022-10-05 23:41:54+00:00,kuliah dik
mahmud_lima,2022-10-05 23:41:36+00:00,"@OposisiCerdas Menebar kebencian atau bukan tinggal buktikan di pengadilan ini masalah mudah tunjukan ijazah aslinya dan siapkan saksinya dari temanÂ² sekolah, kuliah, guru dan dosennya."
makimytype,2022-10-05 23:41:35+00:00,"@sbmptnfess ga semua org punya privilege dibebasin pilih jurusan tapi plis pikir baik2. ini angkatanku udah byk yg cabut padahal baru 7 minggu, prodiku udah 2 orang. oh ya mata kuliah itu bener2 focused menunjang bidang ilmu yg dipilih, jadi ayo research dulu di website prodi ğŸ™ğŸ»ğŸ™ğŸ»"
gasukabocii,2022-10-05 23:41:21+00:00,@collegemenfess Tp jujurly dari semester 1 aku udaa gada semangat kuliah ğŸ˜­ kek udaa capek si bcz pas SMA mayan ambis tp ga yg tiap hari belajar mulu
jirin_Bima,2022-10-05 23:41:13+00:00,"Sekarang aku sadar bahwa pada realitanya kuliah adalah simulasi untuk hidup melawan ego dan imbisi orang lain, kuliah adalah tempat untuk saling menilai kesetiaan satu sama lain.

""Kuliah adalah bioskop terbaik untuk menonton kemunafikan orang lain""

#Pendidikan"
patoopie,2022-10-05 23:41:07+00:00,"@shireoyo aku kuliah, papi eyii. nanti jam 9 :D"
cutestlilbrat_,2022-10-05 23:40:59+00:00,@whosapi @collegemenfess :) gak mau kuliah
owhaea,2022-10-05 23:40:59+00:00,@collegemenfess ga begitu penting sih tapi bolehlah asalkan ga sampe ganggu kuliah
imutm,2022-10-05 23:40:44+00:00,alhamdulillah karena tbtb aku dikasi tip sama cust ğŸ¥¹ğŸ¥¹ mau GA 2.5k buat 2 orang. RT aja aku undi besok pulang kuliah sore #zonauang https://t.co/RvHr8Eseq4
DWONGPEYO,2022-10-05 23:40:35+00:00,"@Minimintmew @convomfs Nemu ajaa, tapi thx bakal gw dengerin pas balik kuliah"
EDH012,2022-10-05 23:40:28+00:00,"@AfrizaMunaf @Beni332211 @NasDem @aniesbaswedan Saran saya, kalau buat kliping pahami dulu apa isi kliping.
Nanti ketahuan kalau itu hasil kerja orang dan ente cuma copy paste.
Ibarat kuliah, tugas bisa aja cari master dr teman, tapi ya pahami dulu apa yg dikerjakan teman.
Kalau kamu pernah kuliah, pasti ngerti.ğŸ˜ğŸ˜ğŸ˜"
rifqh4nif,2022-10-05 23:40:20+00:00,"Sepakbola qt sejak sy SMA, diajar guru, lalu kuliah, diajar dosen, sampee dadi dosen, ngajar mahasiswa, puancett..."
cacanakbaik,2022-10-05 23:40:18+00:00,kalo gue ga butuh duit jg gue kaga mau kerja anjgg gue maunya kuliah
airaaazzahraa,2022-10-05 23:40:17+00:00,kuliah ga sampe malem aja ngeluhnya semaleman
PTersesat99,2022-10-05 23:40:09+00:00,"@sbyfess Kon kebacut lur, gak onok usahane blas dadi wong lanang. Mosok awakmu bondo awak tok nek pacaran, kuliah bukan alasan ga isok nabung. ğŸ¤£"
zeuscreature,2022-10-05 23:39:55+00:00,@fvcbsd sibuk kuliah a :((
bebytsabina_a,2022-10-05 23:39:50+00:00,"@TAJ95MINSI Yapp aku kuliah eonnie
Sini sini ikuut"
MaheerOman,2022-10-05 23:39:47+00:00,"@FreedomlandSatu Logika aj di pakai,,klo uda kuliah mustahil tdk fasih bahasa Inggris."
_SEKNAS_RI,2022-10-05 23:39:41+00:00,"@Nunna_RM tp bapaknya kalo jalan aga nyeret deh kakinya. Eh sumpa risih banget sih itu, mana ditanyain sampe punya pacar apa ga sama ngasih kata kata nyuruh putus biar fokus kuliah, mana bapak bapak yg pompa ban cuman senyum senyum doang lagi"
Rahim19752,2022-10-05 23:39:30+00:00,"Kenapa ga ada foto Wisuda ? Tak ada teman kuliah!?  kapan kuliah ? 
Rakyat tunggu kejujuran Jokowi siapa dia sebentarnya? 
#RIDamaiTanpaPolisi
#RIDamaiTanpaPolisi
Istana Angkat Bicara Soal Presiden Jokowi Digugat ke Pengadilan Atas Dugaan Ijazah Palsu https://t.co/aHrqD8I8VE"
tvisttle,2022-10-05 23:39:15+00:00,alhamdulillah karena tbtb aku dikasi tip sama cust ğŸ¥¹ğŸ¥¹ mau GA 2.5k buat 2 orang. RT aja aku undi besok pulang kuliah sore #zonauang https://t.co/RvHr8Eseq4
j3ongjaehyun,2022-10-05 23:38:31+00:00,kuliah pake spatu running karena WHY NOT ANJINGGG kaki gua lecet ğŸ’” https://t.co/t5r2zCNoqQ
loeyworldd,2022-10-05 23:38:30+00:00,Bener ternyata wattpadnya kak asri aci.. btw masih sebel pas jaman mereka kuliah si liam ketahuan selingkuh sama anağŸ¥º
auxiliaries_,2022-10-05 23:38:15+00:00,@diethingy Kek ny u turun bb karena stress kuliah
rintarsou,2022-10-05 23:38:00+00:00,@swtcholt kuliah
aprilboyhwa,2022-10-05 23:37:53+00:00,[cm] guys mnrt kalian in relationship di masa kuliah tu penting ga? https://t.co/A8UjXzS7wE
imyourtrya,2022-10-05 23:37:42+00:00,[cm] kalian sering kehilangan ambis gak sih pas kuliah kayak â€œgak sesemangat duluâ€ gitu https://t.co/VLtjYUsdQx
Maul_f69,2022-10-05 23:37:35+00:00,"@collegemenfess Menurut hemat saya, dikarenakan cuaca yang tidak memungkinkan untuk tatap muka, saya setuju dengan usulan kuliah daring. Terimakasih"
makimytype,2022-10-05 23:37:34+00:00,@sbmptnfess caranya adalah timbang-timbang terus apa yang lo senangin. minat yg harus bisa memampukan lo stay 4 tahun. aku 2 tahun gak tau mau kuliah apa jadinya coba self-reflect dulu tuh aku seneng apa ... kira2 apa yang bisa aku enjoy hingga nanti2. syukur banget keterima Sastra Prancis.
amoyastore,2022-10-05 23:37:32+00:00,alhamdulillah karena tbtb aku dikasi tip sama cust ğŸ¥¹ğŸ¥¹ mau GA 2.5k buat 2 orang. RT aja aku undi besok pulang kuliah sore #zonauang https://t.co/RvHr8Eseq4
aduaduck,2022-10-05 23:37:17+00:00,[cm] Gimana ya caranya biar bikin lingkungan kuliah melek teknologi ğŸ˜ğŸ˜ https://t.co/XqxxnuRkCs
viratalle,2022-10-05 23:37:13+00:00,orang yg sarapan sebelum kuliah pagi tuh bangun jam berapa sih cok ğŸ˜­
furrymeo,2022-10-05 23:37:10+00:00,@sbmptnfess gapapa aku sempet mau kuliah di situ jugaa ğŸ˜­
tetesown,2022-10-05 23:36:58+00:00,Sp yg dh kuliah tp sarapannya masih disuapin mmak? Ak
psychber,2022-10-05 23:36:58+00:00,kuliah bikin gue pengen teriak kon
diethingy,2022-10-05 23:36:44+00:00,diet! guys sender mau cerita jadi semenjak sender kuliah udah susah ada waktu buat olahraga jadi cuman bisa defkal aja tapi kalo mau ke kampus atau mau ke mana gitu sender slalu jalan kaki trus berat sender turun trus kyknya 2 bulan ini udah turun 6 kg itu bagus ngk  (cont..)
SSaptadi,2022-10-05 23:36:38+00:00,"@SickDFeelings @CaptainMeals @gandewaseta @txtdrpemerintah Temen gw isilop kuliah swasta kelas online nganbil hukum, tugas joki terus"
studyiy,2022-10-05 23:36:31+00:00,"Tmen kuliah udh ada yg keliatan fakenya hahah, dia ngomongin tmn yg main sm dia  mulu, trs ngelek2in dibelakang. Tp ttp aja masi main sm yg dia omongin"
hamidarahmaa,2022-10-05 23:36:30+00:00,kuliah haha hihi cape juga ya
IyaIyaAjaLu,2022-10-05 23:36:25+00:00,"Setuju, dan klo terbukti palsu, harus dihukum seberat beratnya.
Yg anehnya ada orang kuliah, tapi ga ada satupun orang yg pernah mengaku dia temen seangkatannya si hokage di UGM. https://t.co/Z5zTTRQ0xE"
Tataitt4,2022-10-05 23:36:18+00:00,[cm] Gimana ya caranya biar bikin lingkungan kuliah melek teknologi ğŸ˜ğŸ˜ https://t.co/XqxxnuRkCs
ohmywaayy,2022-10-05 23:36:12+00:00,"Kuliah kaosan enak kali ya, sumpah muales ganti apalagi hujan begini:("
h0neystarss,2022-10-05 23:36:11+00:00,astaghfirullah maless kuliah
waddlesword,2022-10-05 23:36:09+00:00,"week 2 kuliah banyak bgt blunder, ditandain dosen, tugas mulai banyak mepet deadline, kemaren sempet debat sama aslab walau akhirnya kita semua tau yg blunder itu aslab nya wkwk"
candrasdm_w,2022-10-05 23:35:59+00:00,"@sutanmangara @hepipurwana Teman sekolah, teman kuliah dan teman bermainnya, guru sekolah dan guru ngajinya apa bisa dibuktikan?"
haechanyeol__,2022-10-05 23:35:50+00:00,"-TAEKOOK AU-

^Y.C.I^

Jungkook itu anak manja yang baru lulus kuliah. Belum siap sebenarnya untuk menikah. Tapi bagaimana jika dirinya dipaksa menikah dengan orang yang tak seharunya ia nikahi?kakak sepupu jauhnya yang dingin dan pendiam ditambah lagi perfeksionis. https://t.co/MFY0xKoNQT"
jibuthilal,2022-10-05 23:35:50+00:00,Aktivis mengganggu kuliah Meghan O'Sullivan di Universitas Harvard. O'Sullivan adalah anggota dewan pembuat senjata utama AS Raytheon dan merupakan arsitek invasi Irak tahun 2003. Perang menghancurkan negara itu dan membunuh ratusan ribu warga Irak yang tidak bersalah. https://t.co/BxNJEsjOQY
itsselviana_,2022-10-05 23:35:47+00:00,"kuliah itu untuk laki-laki, perempuan gausa kuliah nanti juga gak akan kepake. ujung-ujungnya jadi ibu rumah tangga.

kata seseorang yang saya kenalğŸ˜‚"
AmiliaDe,2022-10-05 23:35:46+00:00,"Tote bag wanitağŸ’—
ğŸ›https://t.co/toBlxgR88Y

t. Tas cocok untuk kuliah kerja arap Love yourself superM park jisung #AgnezMo #JeonYeoBeen #EXO_GetTogether #Kyungsoo #28ReasonsWithSeulgi #ì§„ê²€ìŠ¹ë¶€ #NCT127_LAPopUp #LALISA #SHUTDOWN6thWin #ootdStyle #ShopeePayTHR #shopeehaul https://t.co/Nr0GU7Kwb6"
AiFajar26,2022-10-05 23:35:42+00:00,@Soobatreceh Udah lulus kuliah?
nadiip18,2022-10-05 23:35:35+00:00,@takeallalone @collegemenfess Sianjir bayarin kuliah ğŸ˜†
convokiIler,2022-10-05 23:35:34+00:00,KULIAH ONLEN DIKUMPULIN OFFLINE APA ESENSINYA YAALLAH KASIAN RUMAH TEMEN YG JAUH2 EFFORT BGT CUMA DEMI NGUMPULIN TUGAS LALU PULANGğŸ‘ğŸ» https://t.co/f1sLtjpqrd
dravibes,2022-10-05 23:35:32+00:00,@Askrlfess Namanya berat nder. Aku kalau punya nama kayak gitu auto ganti panggilan soalnya aku burik hehe. Aku punya nama yg artinya 'anak kecil' tp badanku gede dan itu aku diomongin dari TK - sekarang udah kuliah. Capek wkwk
rofiqnur,2022-10-05 23:35:23+00:00,"@detikcom Mending kuliah aja, siapa tahu nanti jadi presiden. Biar bisa beresin TNI dan POLRI"
rohmadaji_10,2022-10-05 23:35:17+00:00,@_mardial_ @mbahpat Ning kontrakan mbolos kuliah totohan rokok https://t.co/r2ALc199nw
ishinshishisimp,2022-10-05 23:35:14+00:00,dari sd sampe kuliah gk ad yg pernah bahas sampe sini heuheuheu~
niniisdesu,2022-10-05 23:35:08+00:00,@collegemenfess siapa yang ngira dulu kalo mau jadi polisi harus kuliah dulu? ğŸ˜”â˜ï¸
imowut,2022-10-05 23:35:05+00:00,"@collegemenfess aku pernah ngiri sama temen yg punya pacar wkt kuliah, trs ada org blg gini ğŸ¥² https://t.co/vw7ImLuE1d"
sbmptnfess,2022-10-05 23:35:01+00:00,ptn! kuliah di upnvj gapapa kan? https://t.co/YibN0wFl5H
lilacwinehouse,2022-10-05 23:35:01+00:00,"Terus kayaknya alasan putusnya karena sibuk sama kuliah masing2. Demi dah gw kl stress kuliah tu lgsg ngehindar dr siapapun sampe gamau ngechat ama siapa2, even sampe berhari2ğŸ«  kl gw meninggal keknya orang2 jg ga bakal tau termasuk pacar gw"
alifkammaliyyah,2022-10-05 23:34:44+00:00,"@kepohajimaseyoo heheee makasih banyakk kak, aku orang lamongan kuliah di malang tapi besok berangkatnyaa dari surabaya ğŸ¥²"
ryota_0809,2022-10-05 23:34:36+00:00,"Mau kuliah full + kuis tapi meriang :)
Kepalaku berat banget buat diangkat"
sepedatitan,2022-10-05 23:34:33+00:00,"@collegemenfess ga sama sekali. selingan aja. apalagi kl km tipe yg suka susah fokus, kl km pacaran tktnya nnti malah ga inget tujuan awal km kuliah apa nder"
urichingudeul,2022-10-05 23:34:29+00:00,alhamdulillah karena tbtb aku dikasi tip sama cust ğŸ¥¹ğŸ¥¹ mau GA 2.5k buat 2 orang. RT aja aku undi besok pulang kuliah sore #zonauang https://t.co/RvHr8Eseq4
syifandini,2022-10-05 23:34:25+00:00,@afiandini21 Pasti kuliah
Tataitt4,2022-10-05 23:34:12+00:00,[cm] guys mnrt kalian in relationship di masa kuliah tu penting ga? https://t.co/A8UjXzS7wE
ayangjiminjong,2022-10-05 23:34:00+00:00,@snowland_z @convomf Terus jurusan kuliah nya komunikasi
muamarmusa,2022-10-05 23:33:53+00:00,"Barangkali ada yg alumni UGM mau kuliah S3 di NAIST Jepang. For academic background in Chemistry, Physics, Chemical Engineering, or Materials Science.

Thursday, Oct 6th 2022 at 09:00 AM â€“ 01:30 PM (GMT+7).
Registrasi: https://t.co/v9CRnG1uJH

cc: @direktoridosen https://t.co/NcHntI9LC8"
rachunnceunah,2022-10-05 23:33:52+00:00,"Rekomendasi totebag buat kuliah yang gemas dan lucu polğŸ˜»

--A thread--

#shopeehaul #OOTD #ToteBag https://t.co/GSIPktS9N7"
Ziyadu_R,2022-10-05 23:33:52+00:00,"[cm] semoga ilmu selama kuliah kita bermanfaat ya guys, semoga karir kita lancar membahagiakan diri sendiri dan keluarga."
junanbunny,2022-10-05 23:33:51+00:00,"@tanyakanrl ga setuju, gw mau kuliah ntar"
divlagibelajar,2022-10-05 23:33:49+00:00,@sbmptnfess Gapapa nder aku aja pengin kuliah di univ top 30 walau tetep gak dapet karena gak mungkin sama univ diatas semuanya
thristyst,2022-10-05 23:33:38+00:00,apa ga kuliah ya kntol
omeIeit,2022-10-05 23:33:34+00:00,Mls kuliah:(
marismaaaaa,2022-10-05 23:33:31+00:00,[cm] guys mnrt kalian in relationship di masa kuliah tu penting ga? https://t.co/A8UjXzS7wE
yeonjunfairys,2022-10-05 23:33:27+00:00,"@Eternallyeonie Huhu semangat, emang susah kalo kuliah sambil kerja. Akupun gitu, makanya aku ga ambil UKM ğŸ˜­ğŸ˜­ğŸ˜­"
BaYangMu9,2022-10-05 23:33:16+00:00,"Soal Kuis MK.pendidikan Kewarganegaraan
1. Jelaskan apa tujuan yg hendak dicapai mata kuliah pendidikan kewarganegaraan wajib di pelajari di perguruan tinggi?
2. Jelaskan apa yg dimaksud dgn HAM?
3. Jelaskan hubungan Pancasila dengan HAM khususnya sila kedua.
4. Sebut dan jelaska"
netizam_,2022-10-05 23:33:11+00:00,"Disaat orang tua lain nyuruh anaknya kerja pas udah lulus kuliah, ini ngapa orang tua gua nyuruh jangan kerja dulu sampai akhir tahun :'). Masalahnya pan gua butuh duit juga."
cheesecake412_,2022-10-05 23:33:08+00:00,@collegemenfess Kuliah offline tp ujian mau ny online ğŸ¤£
papervcuts,2022-10-05 23:32:45+00:00,"Sepatu Sneaker Wanita 

Sol berbahan karet non slip jd terasa empuk &amp; nyaman pas dipake. Cocok digunakan untuk sekolah, kuliah, kerja, traveling, olahraga. warna nya cakep bgt lagiâœ¨

ğŸ‘Ÿ https://t.co/L3ryDHXmkg

t. sepatu putih kuliah pvn waiji ipad our boss is back #BTSTokopedia https://t.co/QxH3Fg00n7"
sclipknot,2022-10-05 23:32:42+00:00,"untung ya gua tuh gaadk kuliah subuh, coba kalo ada kan gua malu krn tiap pagi gua pasti sumpelan idung pake tisu [tiap pagi w umbelann anj]"
Oxjungwin,2022-10-05 23:32:41+00:00,kuliah pagi
numberx_3rd,2022-10-05 23:32:30+00:00,kok ngeri sampe kegiatan kuliah diberhentiin jadi online
oktaviaaar,2022-10-05 23:32:29+00:00,@bebasaktif Kebiasaan seperti ini cukup hanya mau aku rasakan pada saat kuliah sajaaaa abis itu udah nyerah ya allahğŸ˜‚
leeknowkwk,2022-10-05 23:32:28+00:00,alhamdulillah karena tbtb aku dikasi tip sama cust ğŸ¥¹ğŸ¥¹ mau GA 2.5k buat 2 orang. RT aja aku undi besok pulang kuliah sore #zonauang https://t.co/RvHr8Eseq4
Deviaprilina11,2022-10-05 23:32:26+00:00,"Rekomendasi totebag aesthetic muat banyak
ğŸŒŸ4.8-5
1. https://t.co/Ovvrq0Bcwe
2. https://t.co/Hg5M88JfpV
3. https://t.co/8B3TieAG00
4. https://t.co/7HKARAIL0B
5. https://t.co/2yzyVt1PkP
6. https://t.co/mY47vGBBPG

#totebag #tas #kuliah #kerja #ShopeeID #shopeeaffiliate #zonajajan https://t.co/JWsoytlzGn"
Mhmd_Malick,2022-10-05 23:32:23+00:00,"Banyak mahasiswa yang mengincar beasiswa LPDP. Sebelum pendaftarannya dibuka, kamu bisa siapkan berbagai dokumen yang menjadi syarat beasiswa LPDP. https://t.co/Exckfng2PA"
airaaazzahraa,2022-10-05 23:32:19+00:00,@beibeeel kuliah di jogja aja makane huu
priessstt,2022-10-05 23:32:17+00:00,Tidak kuliah demi maen PB https://t.co/l5NIaDLw0X
Maul_f69,2022-10-05 23:31:38+00:00,"@sbmptnfess Kuliah di top 5 itu terbebani ekspetasi, kalau gak enjoy bisa down."
hane3y,2022-10-05 23:31:37+00:00,@SmgMenfess2 Yaa tergantung kamu gimana kuliah nya tooo :( kalo rajin ga ada ngulang2 sks yaa bisa aja
MisterLautner,2022-10-05 23:31:12+00:00,"Kenapa ga ada foto Wisuda ? Tak ada teman kuliah!?  kapan kuliah ? 
Rakyat tunggu kejujuran Jokowi siapa dia sebentarnya? 
#RIDamaiTanpaPolisi
#RIDamaiTanpaPolisi
Istana Angkat Bicara Soal Presiden Jokowi Digugat ke Pengadilan Atas Dugaan Ijazah Palsu https://t.co/aHrqD8I8VE"
xoxochaell,2022-10-05 23:31:09+00:00,@jaeminnaax Semangat kuliah nya kak
umatberagamaa,2022-10-05 23:31:08+00:00,Ngantuk jing kuliah pagi
clownsh1tt,2022-10-05 23:30:50+00:00,"@collegemenfess Tergantung orang sih. Bagi ku ya ga penting karena nanti jadi ga fokus kuliah segala macem,tapi bagi temen ku malah penting karna dia lebih semangat kuliah kalo ada yang nyemangatin tiap hari atau ada yang bisa bantuin dia nugas wakakakak"
thristyst,2022-10-05 23:30:44+00:00,skrg aku kan disalahin krn milih kuliah diluar
RickyNatannael,2022-10-05 23:30:40+00:00,"Banyak perubahan yang terjadi semenjak aku tinggal kuliah, kangen banget sblm masuk kuliah. Sorry, aku ra iso spend time ngge kalian"
eccedenisast,2022-10-05 23:30:35+00:00,"Sapa yg kalo abis putus nyari mati? Ak ak ak. 

Kuliah, kerja, 4 volunteers. Kurang aph lagi ak https://t.co/QOhxttZYLd"
bisnisjutaan,2022-10-05 23:30:30+00:00,"Bayar KULIAH/UANG KOSTâ€™an pake uang sendiri, BUKAN MIMPI lagi. Hub 74712000 https://t.co/qIjm1SwWaD #MyAzaria https://t.co/qOB59Td5nq"
dinihrjsh,2022-10-05 23:30:28+00:00,"outfit buat kuliah atau nongki sama temen!

ğŸ§¸pashmina darkgrey
https://t.co/yHZOyW0YuZ
ğŸ€ kemeja putih
https://t.co/3pmoQZ3l5R
ğŸ§¸loose pants darkgrey
https://t.co/dk6R3f2ao7
ğŸ€ inner rajut panjang biar nyamanğŸ˜†
https://t.co/YfAN24HWJn https://t.co/mINmOWyVeG"
jeehyuck,2022-10-05 23:30:28+00:00,@splendedblue ka mamal hari ini kuliah??
Fibonacikecil,2022-10-05 23:30:26+00:00,"@collegemenfess Gw terbalik, gw ambis pas kuliah karena memang gak ada duit untuk itu, dan ngelihat ortu ngusahakan ada uang"
eatwithrosie,2022-10-05 23:30:25+00:00,@leorswr ky lu ga kuliah
thristyst,2022-10-05 23:30:19+00:00,sok2 nyuruhin mikirin duit untuk kuliah keluar
kojunieyaaa,2022-10-05 23:30:00+00:00,semangat kuliah karena besok libur bisa drakorğŸ˜„
thristyst,2022-10-05 23:29:54+00:00,kntol apa salahnya ak kuliah di sby klg
Cwxyyw,2022-10-05 23:29:48+00:00,"âœ¨ Rekomendasi Kemeja Under 100k âœ¨

â­4.8
https://t.co/KNCezSeCTe

â­4.8
https://t.co/r69LqJXgL5

â­4.9
https://t.co/ga0Hx4pnJJ

â­4.8
https://t.co/28VU9LeDkF

Kemejanya cocok bgt buat kuliahğŸ˜

#racunshopee | Fashion Wanita | #OOTD | Baju | #outfits | Pakaian | #shopeehaul https://t.co/fh4l0ppmgt"
injuna00,2022-10-05 23:29:47+00:00,[isa-rui] ft. ei a day in life few tweets au edisi papa udah berangkat kuliah dan abuy sendiri jagain ei ğŸ‘¶ğŸ»ğŸ»â€â„ï¸ğŸ›ğŸ§¼ warn : mpreg! https://t.co/T1zWfOoGSk
inget_dosaa,2022-10-05 23:29:23+00:00,@samsuDiinn @liligregah @alstublieft__ @hudacahjurang @detikcom Kuliah jurusan apa
kysyysby,2022-10-05 23:29:18+00:00,ptn! kuliah di top 30 an gapapa kan ya?ğŸ¥ºğŸ¥ºğŸ¥ºğŸ¥º https://t.co/PakFB6oZgc
bloomingbluem,2022-10-05 23:29:08+00:00,"@gojekindonesia min tolong dibantu dong, aku tadi tap in di stasiun bekasi dan berhasil tp di aplikasi belom muncul barcode tap out nya, yg nongol tap in terus. bantuin dong min mau kuliah nih ğŸ˜­ğŸ™ğŸ»"
juarazr,2022-10-05 23:29:06+00:00,"Kasian orang tuanya admin Tije udah nyekolahin anaknya mahal-mahal sampai kuliah, pas udah kerja malah cuma bisa balas template copy-paste. Pantes aja jaman skrg orang susah cari kerja, kemampuannya cuma kayak gini. https://t.co/GS9vViMIfJ"
ikanbadutmekdi,2022-10-05 23:29:01+00:00,"@sbmptnfess Gapapa, gue aja kuliah di ntuh no 46 oke oke aja"
sampoerna_boi,2022-10-05 23:28:58+00:00,"lika liku di pagi hari, kontol mending sempet bikin begituan bangun buat kuliah aja syukur"
greellowple,2022-10-05 23:28:55+00:00,"@tanpaahmad @a_dorible to me, tiap balik dari kuliah dan drop dia di kosannya wkwkwk"
QUANXISH,2022-10-05 23:28:33+00:00,"akhirnya kuliah siang, bisa drop link sm hype"
g00dayseleraku,2022-10-05 23:28:27+00:00,ptn! kuliah di top 30 an gapapa kan ya?ğŸ¥ºğŸ¥ºğŸ¥ºğŸ¥º https://t.co/PakFB6oZgc
sfiysmnnn,2022-10-05 23:28:17+00:00,[cm] guys mnrt kalian in relationship di masa kuliah tu penting ga? https://t.co/A8UjXzS7wE
iridoriscent,2022-10-05 23:27:52+00:00,jgn tanyakan seberapa rajin gw â€¦ dateng waktu parkiran masih 2 motor doang dan gedung kuliah masih dikunci ğŸ¥² https://t.co/tX4xgKikEq
catatandini,2022-10-05 23:27:51+00:00,"@bebasaktif Gua rumah di Tangerang (daerah sekitar bandara Soeta) kuliah di Depok aja kadang ngeluh. Hehe. Tp meski begitu aku tetap bangga, karena sekarang kuliah masih 70% online. HAHAHA"
jungwonganjuk,2022-10-05 23:27:50+00:00,tapi kok gue kuliah kesehatan
urfavstoberiuyu,2022-10-05 23:27:43+00:00,"@sbmptnfess Gak apa nder, gw kuliah di top 250, banyak kok orang hebat di sana"
yoshafir1594,2022-10-05 23:27:41+00:00,@collegemenfess Ga penting anjir klo emg lo nya terbebani ganggu kuliah
aegyooa,2022-10-05 23:27:08+00:00,"@collegemenfess Gak penting sih, fokus kuliah biar lulu tepat waktu dulu aja kalo gue dulu supportsystem cukup dari keluarga aja. Terkadang punya pacar malah jadi beban pikiran. Kecuali kalo pacar berguna buat nyelesain skripsi mungkin bisa dipertimbangkan lah kalo gitu"
alinithia,2022-10-05 23:27:08+00:00,perasaan mantannya temen yang polisi kemarin dulu kuliah s1 hukum juga kukira ini tuh wajib https://t.co/4PiohrDYn4
meIIifIuoussie,2022-10-05 23:27:04+00:00,"@convomf 3 tahun, realme C2. masih oke banget ga lemot krn rajin dibersihin walaupun kameranya dah mulai bosok, pengen ganti cuma ngga deh soalnya biar jadi saksi hidupku selama masuk sampe lulus kuliah nanti WKWKWK."
uwonkiciw,2022-10-05 23:26:51+00:00,"tapi setidaknya dia suka bgttt sama rock with you ihirrrr rwy emg enakkkkk bgttt bisa jadi morning playlist loh klo kalian mau siap"" sekolah, kuliah ato kerja bikin semangat hidupmu meningkat seketika ğŸ¤—"
samsuDiinn,2022-10-05 23:26:35+00:00,@liligregah @alstublieft__ @hudacahjurang @detikcom Halo dek kuliah apa kerja
addictednajaem,2022-10-05 23:26:32+00:00,@sbmptnfess ya emg knp si yg penting kuliah bayar belajar top top gt ga guna klo lu ga niat kuliah
thyassna,2022-10-05 23:26:32+00:00,"Met pagiii, semangaaat kuliah sama kerja nyaa"
bedzroom,2022-10-05 23:26:30+00:00,@convomfs kuliah.. ada praktikum sama skills lab. *pingsan*
sanaxs_,2022-10-05 23:26:24+00:00,"@justwhitelove kpn ya aku punya pacar, keknya ini smpe kuliah jg bkl an blm pny pacar dehğŸ˜”ğŸ˜”"
seungsiku,2022-10-05 23:26:22+00:00,alhamdulillah karena tbtb aku dikasi tip sama cust ğŸ¥¹ğŸ¥¹ mau GA 2.5k buat 2 orang. RT aja aku undi besok pulang kuliah sore #zonauang https://t.co/RvHr8Eseq4
GGGULING,2022-10-05 23:26:15+00:00,"Ternyata kuliah bayarannya murah bisa aja ongkos kesananya yg mahal yak
Buseda"
GGGULING,2022-10-05 23:26:14+00:00,"Udah 8x ga kuliah krn gada duit bahkan buat parkir dan beli bensinğŸ¤£ğŸ˜‚
Bahaya juga weh kuliah jauh + akses angkot minim
Ojolpun mehongğŸ¤£"
lookscloudy_,2022-10-05 23:26:06+00:00,"ini kelompok kuliah gue perasaan FRIK bgt, gaada kontribusi kontribusinya sama sekali. gue berasa ga di hargain bgt? kesel ga si? https://t.co/8iW4XHmMTu"
loadinxg,2022-10-05 23:25:54+00:00,@convomfs Kuliah
__clynophile,2022-10-05 23:25:52+00:00,@convomfs kuliah nder
LilLadyChina,2022-10-05 23:25:52+00:00,Tolong FollowBack caramencinta  Pengen banget kuliah di ...........
shancarz,2022-10-05 23:25:52+00:00,Tolong FollowBack caramencinta  Pengen banget kuliah di ...........
AneuAneudwi,2022-10-05 23:25:52+00:00,Tolong FollowBack caramencinta  Pengen banget kuliah di ...........
ItsMeDhewiie,2022-10-05 23:25:51+00:00,Tolong FollowBack caramencinta  Pengen banget kuliah di ...........
jepanjg,2022-10-05 23:25:40+00:00,alhamdulillah karena tbtb aku dikasi tip sama cust ğŸ¥¹ğŸ¥¹ mau GA 2.5k buat 2 orang. RT aja aku undi besok pulang kuliah sore #zonauang https://t.co/RvHr8Eseq4
obatbatukwoodz,2022-10-05 23:25:22+00:00,"Tuh kan, jadi anggota DPR emang gak perlu pinter. 

Pertanyaan saya, kalau nulis caption aja masih berantakan, skripsinya dulu gimana? 
Katanya kuliah di Scholl of Low. 

""di Maki..""
""di Bully.."" 
Aduh dek ğŸ˜­ https://t.co/YzmzJU9Nw0"
moccalatte116,2022-10-05 23:25:18+00:00,"Kata bapak ""kalo kamu kuliah lagi nanti kapan dewasanya? Kapan cari uangnya? Untuk S2 ga terpaku umur kamu gapapa kalo S2 dan umurmu udah agak senja"""
GhifariRamadhan,2022-10-05 23:25:13+00:00,@h11742141 kuliah pusing kuliah pusing
curhatanmoon,2022-10-05 23:25:13+00:00,"PTN! Coba review kuliah di ugm dong. Honest review ya. Soal culture kuliahnya, Lingkungan jogja juga"
kthundervie___,2022-10-05 23:24:55+00:00,"@collegemenfess Aku dulu SMK akuntansi, 3 tahun ngang ngong 
Kuliah ga mau ambil akuntansi takut tambah ngang ngong war wer wor"
naisa_gi,2022-10-05 23:24:42+00:00,@areskyz Semangat sekolah/kuliah/kerjanyaâœ¨ï¸
strfloatint,2022-10-05 23:24:37+00:00,kuliah semakin hah heh hoh aja
_aksandu,2022-10-05 23:24:37+00:00,"@ambivelen Hari ini berangkat sekolah/kuliah, Joa?"
littlerockztarz,2022-10-05 23:24:33+00:00,@sbmptnfess aku sempet nyesel cuma bisa di top 30 tpi setelah dijalanin bru nyadar kuliah di top 5 juga belum tentu ak bisa surviveğŸ˜­ keknya takaranku emang disitu si. yg penting dimanapun kamu teruss berproses ajaaa semangat kita!
tenseggg,2022-10-05 23:24:27+00:00,si paling rajin kuliah https://t.co/rq5EnksdRi
_ndraku,2022-10-05 23:24:11+00:00,Cukup kasih beasiswa pendidikan sampai SMA/kuliah itu dah sangat cukup. Kedepannya setelah lulus mau jadi apa kan terserah dia. Janganlah kau todong korban untuk jadi Polisi/TNI dan meninggalkan tanggungjawab mu mengevaluasi anggota!. https://t.co/mNGeD2IMPt
_thesweetpea,2022-10-05 23:24:01+00:00,"@collegemenfess hi sender semangat ya. pertemanan kuliah emg hrs byk2 istigfar wkwkw harus berani nolak, prioritasin diri sendiri, pilih2 temen dan tau posisi kpn hrs komentar. sirkel itu ttp perlu tp sebatas utk tau info dan bs bergaul aja mnrtku jd kl ada gk enak, kl bs jgn diambil hati bgt2ğŸ˜Š"
direktoridosen,2022-10-05 23:23:50+00:00,"Barangkali ada yg alumni UGM mau kuliah S3 di NAIST Jepang. For academic background in Chemistry, Physics, Chemical Engineering, or Materials Science.

Thursday, Oct 6th 2022 at 09:00 AM â€“ 01:30 PM (GMT+7).
Registrasi: https://t.co/v9CRnG1uJH

cc: @direktoridosen https://t.co/NcHntI9LC8"
sellbuyharukyu,2022-10-05 23:23:47+00:00,"â€” OUTFIT NGAMPUS âœ¨
     (part 2)

buat yang lagi bingung mau pake outfit apa ke kampus, yuk langsung kepoin thread di bawah! â¬‡ï¸

tags : fashion, ootd, kuliah offline, kemeja, kulot. https://t.co/u54Lw9NCps"
kerawrajaib,2022-10-05 23:23:27+00:00,"Jjur gue jam segini baru bangun, untung kaga kuliah ğŸ¥¹ğŸ¥¹ğŸ¥¹"
renikb_,2022-10-05 23:23:22+00:00,"@bungasapatu @convomfs Itu manusia apa robot, bisa 24 jam kuliah sm praktikumğŸ¥²"
wyngsm,2022-10-05 23:23:20+00:00,Mana dapet kabar kuliah jam 7 hdehh
taeyongvz,2022-10-05 23:23:13+00:00,Senin sampe rabu kuliah full pagi sampe malem akhirnya Kamis Jum'at libur ğŸ˜­ğŸ‘ğŸ»
LekNawa,2022-10-05 23:22:42+00:00,"Masih ga abis pikir malamnya sempet2nya kuliah, jam pertama masih di perjalanan omg.

https://t.co/lPl4JTmBbq https://t.co/cbuqjHCLZR"
BentoCall,2022-10-05 23:22:31+00:00,balik kuliah ya staycation https://t.co/PzQXNEEulR
anakbetawipusat,2022-10-05 23:22:28+00:00,"Kenapa ga ada foto Wisuda ? Tak ada teman kuliah!?  kapan kuliah ? 
Rakyat tunggu kejujuran Jokowi siapa dia sebentarnya? 
#RIDamaiTanpaPolisi
#RIDamaiTanpaPolisi
Istana Angkat Bicara Soal Presiden Jokowi Digugat ke Pengadilan Atas Dugaan Ijazah Palsu https://t.co/aHrqD8I8VE"
camabahiui2022,2022-10-05 23:22:18+00:00,ptn! kuliah di top 30 an gapapa kan ya?ğŸ¥ºğŸ¥ºğŸ¥ºğŸ¥º https://t.co/PakFB6oZgc
idkacel,2022-10-05 23:22:16+00:00,Males banget mandi tiap pagi. Bisa nggak sih berangkat kuliah tanpa mandi?
Pocoyovomaltine,2022-10-05 23:22:08+00:00,[cm] guys mnrt kalian in relationship di masa kuliah tu penting ga? https://t.co/A8UjXzS7wE
svroberi,2022-10-05 23:21:52+00:00,"sebulan kuliah terpantau bajunya udah abis, apa gua pake karung goni aja ya"
sweetddal08,2022-10-05 23:21:31+00:00,[cm] kalian sering kehilangan ambis gak sih pas kuliah kayak â€œgak sesemangat duluâ€ gitu https://t.co/VLtjYUsdQx
seomysa,2022-10-05 23:21:23+00:00,"Rekomendasi flat shoes cocok untuk kuliah nihh ,simple bgtt ygyğŸ˜
â­4.8
https://t.co/2DH0NVzEay
â­4.8
https://t.co/ysm3I6Ki5H
â­4.8
https://t.co/s0b5uRcbnL

LEE JENO THANK YOU Kyuhyun 1,5M SPEAK YOURSELF Jepang #trading #shopping #zonajajan #ShopeeID #zonauang https://t.co/DWERhkCF8h"
Iavecder,2022-10-05 23:21:12+00:00,dikasih beasiswa sekolah sampe kuliah kek yg lebih berguna https://t.co/ekuR1F99ER
seomysa,2022-10-05 23:20:59+00:00,"ğŸ‘œRekomendasi Totebag Kuliah &amp; KerjağŸ‘œ 

ğŸŒŸ 4,8 - 5,0 

1. https://t.co/T5zzkZyUSK
2. https://t.co/xv3QtbN14D
3. https://t.co/K4RgJ5eD1R
4. https://t.co/MauemGZTji

T. #shopeehaul #racunshopee #tascewek #totebag Army #SuperM Kyuhyun LEE HAECHAN yoona FANDOM HUG #shopeeaffiliate https://t.co/ffRvcOIRbp"
bucinrina,2022-10-05 23:20:53+00:00,"@collegemenfess ya... kalo emang ada keperluan cuek aja nder ğŸ¥¹ğŸ¥¹
kecuali kuliah bawa koper baru tuh"
arif_andrynsh,2022-10-05 23:20:53+00:00,Tolong FollowBack caramencinta  Pengen banget kuliah di ...........
Apriellsanatic,2022-10-05 23:20:52+00:00,Tolong FollowBack caramencinta  Pengen banget kuliah di ...........
Arin_Akai_99,2022-10-05 23:20:52+00:00,Tolong FollowBack caramencinta  Pengen banget kuliah di ...........
Nofieya,2022-10-05 23:20:52+00:00,Tolong FollowBack caramencinta  Pengen banget kuliah di ...........
LisLindaSarii,2022-10-05 23:20:51+00:00,Tolong FollowBack caramencinta  Pengen banget kuliah di ...........
bengskru,2022-10-05 23:20:51+00:00,apa gua telah mencapai titik tertekan di kuliah https://t.co/fgU0I0MIq0
heythisushi,2022-10-05 23:20:44+00:00,hari ini kuliah ga ada jeda samsekğŸ™‚ smangatttt
suciwidiantil,2022-10-05 23:20:39+00:00,"Semenjak masuk kuliah jadi sering sakit sakitan, tapi jarang periksa ke dokter, ujung ujungnya nunggu sampe sembuh sendiri :)"
nabakkkkk,2022-10-05 23:20:38+00:00,tugas kuliah raberes beres ğŸ¥´ğŸ¥´ğŸ¥´
jungxle_,2022-10-05 23:20:36+00:00,"@collegemenfess Saya yang dari ips aja kaget masuk akuntansi, awalnya saya kira cuman buat jurnal tapi ternyata pas kuliah luas juga cakupannya"
baeurlv,2022-10-05 23:20:28+00:00,"turu ae kali ya, kaga usah kuliah. cape banget anjim pinggang gue pen hibernasiiii"
haehae99_,2022-10-05 23:20:08+00:00,"@GilangHamidy Jadi inget kasus mhs Indonesia yg kuliah di Singapore yg terbunuh gara2 mengembangkan teknologi Facial Recognition (FR). Dari kasus itu muncul hp yg bisa FR, trus di China pembayaran digital pake FR, dll."
taamygg,2022-10-05 23:20:05+00:00,slamat pagi dr ak yg males bgt kuliah hari kamis
wiieddd,2022-10-05 23:19:53+00:00,"@timmymalachi pernah jaman kuliah dompet kecopetan, mau bikin kartu atm baru harus minta surat kehilangan dr polisi
abis bikin surat pura2 bego bilang ""terima kasih pak"" trus melengos keluar pos gitu aja ğŸ˜‚"
jjenojie,2022-10-05 23:19:51+00:00,ptn! kuliah di top 30 an gapapa kan ya?ğŸ¥ºğŸ¥ºğŸ¥ºğŸ¥º https://t.co/PakFB6oZgc
adisasoedarso,2022-10-05 23:19:30+00:00,"@MYasfika Kejadian di aku juga ini. Uangnya gak balik. Dulu minjemin temen kuliah duit krn kasian. Eh, gak balik duitnya. Tiap bulan aku mintain duitnya udah kayak debt collector. Akhirnya aku lupain aja lah. Ndilalah beberapa kali muncul di mimpi jd inget lg dong. Gemes ğŸ˜Œ"
wwcuties,2022-10-05 23:19:25+00:00,"@Askrlfess Temen aku kuliah nder, demi apapun dia baiknya kebangetan. Aku bersyukur sih, kalo disebutin satu-satu gak bisa. Tapi dia baikkk baik banget."
azuraziutzi,2022-10-05 23:18:57+00:00,"@tanyakanrl Sd : nokia, blueberry
Smp : nokia, samsung, tablet beyond, acer
Sma : acer, hp ga terkenal (lupa nama merknya), oppo
Kuliah : oppo, vivo"
lulanalaluna,2022-10-05 23:18:56+00:00,"Sejujurnya aku setuju... karna kuliah itu sangat mempengaruhi pola pikir. Aku pribadi yg sarjana seni aja, merasa kuliah itu mengubah cara berpikirku. https://t.co/VD8Fi0lOIk"
AdhiPace1,2022-10-05 23:18:56+00:00,@sbmptnfess Gapapa nder klok kamu kuliah di top 20 misalnya tekanannya aja parah ini baru top 20 belum top 3 tekanannya lebih parah lagi
theunknownm4n,2022-10-05 23:18:54+00:00,"@tahpartea Jadi kecewa karena tidak sesuai ekspektasi wkwk, mana bakal stay di Bandung empat tahun sampai lulus kuliahğŸ¤£"
YunusRaga,2022-10-05 23:18:51+00:00,Temen kuliah gw banyak muka nya
candrasdm_w,2022-10-05 23:18:26+00:00,"Kenapa ga ada foto Wisuda ? Tak ada teman kuliah!?  kapan kuliah ? 
Rakyat tunggu kejujuran Jokowi siapa dia sebentarnya? 
#RIDamaiTanpaPolisi
#RIDamaiTanpaPolisi
Istana Angkat Bicara Soal Presiden Jokowi Digugat ke Pengadilan Atas Dugaan Ijazah Palsu https://t.co/aHrqD8I8VE"
magdaau,2022-10-05 23:18:15+00:00,"kejadian di kereta dari st.duri arah cikarang jam 08.50 pagi. jadi, gw mau kuliah dan disitu posisi emg agak rame jadi gw susah utk ketengah dan gw stuck didepan pintu gerbong, disitu gw lg main hp chat sm temen2 gw tp gw ngerasa kayak ni org dibelakang gw maju bgt gw kira dia"
newaccautoflbck,2022-10-05 23:18:14+00:00,ptn! kuliah di top 30 an gapapa kan ya?ğŸ¥ºğŸ¥ºğŸ¥ºğŸ¥º https://t.co/PakFB6oZgc
jijiduatilu,2022-10-05 23:18:14+00:00,"â– â–ªï¸ Mr. Rafka ğŸŒ™ğŸ’• â–ªï¸â– 
""Bingung deh gue sama Mr. Limbad! Dia tuh bisa aja ya gausah lulusin matkul gue. Gue juga perduli, karena emang gue gamau kuliah. Tapi kenapa dia jadi protektif banget gini sih?!""- Ansel Bintang Rayna https://t.co/JQ4lJsVWdy"
AfifullahMUSHO1,2022-10-05 23:18:12+00:00,"Petik kuliah pagi tadi:

Malaikat mengaminkan doa kita jika kita mendoakan saudara kita tanpa pengetahuan dia."
heytuesdays,2022-10-05 23:18:11+00:00,"Mets pagiiii! Gw belum ngapa-ngapain sedangkan hari ini ada kuliah pagi. Ahh indahnya menunda-nunda waktu//digeplak

Candaaa"
hourlykina,2022-10-05 23:17:58+00:00,Sebenarnya rute mbaknya sama sih kyk aku wkwkwk ğŸ˜­ğŸ˜­ cuman dari Bogor kota ke Cisarua tuh yaAllah muacett pol. Aku yang rumahnya di Bogor kota aja capek banget pp kuliah tuh ğŸ¥ºğŸ‘ğŸ»
justshutupbitc,2022-10-05 23:17:40+00:00,[isa-rui] ft. ei a day in life few tweets au edisi papa udah berangkat kuliah dan abuy sendiri jagain ei ğŸ‘¶ğŸ»ğŸ»â€â„ï¸ğŸ›ğŸ§¼ warn : mpreg! https://t.co/T1zWfOoGSk
misawchii,2022-10-05 23:17:37+00:00,"@nikotogi Lohhh:(((
Mungkin pemgen kuliah dulu kali yak:'"
mart4baktel0r,2022-10-05 23:16:51+00:00,Aku blm sempet nugas trs dpt kabar libur kuliahğŸ˜­ kaya aneh bgt pdhl sebelumnya hari kamis tu gaperna libur karna padet bgtğŸ˜­ terimakasih yaAllah karna selalu dibantuğŸ¥ºğŸ˜­
hssjw_6,2022-10-05 23:16:46+00:00,bangun dari kasur adalah step terberat dilakukan saat kuliah pagi https://t.co/3QiBVXbXlp
Rissolmayo_,2022-10-05 23:16:20+00:00,"Sumpah gua goblog bgt, krna kmrn sore balik kuliah dah capek bgt. Gua bisa2nya ninggalin tas laptop di teras rumah ğŸ˜­ğŸ™ untung kagak ilang anjirrrrrr"
kucingoren_id,2022-10-05 23:16:15+00:00,"Kenpaa gw ujug ujug nya ditinggal nikahhhh sehh, pdhl org2 laen bilangnya gw playgirl ğŸ˜Œ.. 

Mantan pertama sold outâœ…
Mantan pdkt lama dan nolongin gw dulu pas msih kuliah udh punya baby âœ…
Mantan pdkt yg spek nya gw demen bgt, soleh, pinter, rajin jugaaa istrinya mengandung âœ…"
tinypliexy,2022-10-05 23:15:39+00:00,mager kuliah ğŸ™‡ğŸ¼â€â™‚ï¸
didididitt,2022-10-05 23:14:59+00:00,[cm] guys mnrt kalian in relationship di masa kuliah tu penting ga? https://t.co/A8UjXzS7wE
pungkiwidodo,2022-10-05 23:14:58+00:00,"Kuliah accounting outputnya malah jadi paham:
""keknya setelah diitung itung cost and benefit analysis dan financial modelling cashflow mending live di tiktok sambil ngemis gift singa"" https://t.co/eXBk3UdC3f"
DioDewananda,2022-10-05 23:14:40+00:00,"@tanyarlfes nder saranku, 

1. pertama coba kamu ke psikolog. atau kalo uda bikin penyakit, coba ke psikiater. kamu butuh itu. lebih worth ketimbang aku ngasih 10 ribu kata ke kamu

2. paksa lulusin SMA mu, lalu cari kerja di daerah lain. kalo punya biaya, kuliah di daerah lain. Kenapa?"
awisawii,2022-10-05 23:14:37+00:00,"@collegemenfess aku pernah ngiri sama temen yg punya pacar wkt kuliah, trs ada org blg gini ğŸ¥² https://t.co/vw7ImLuE1d"
chanminwolppy_,2022-10-05 23:14:31+00:00,"Mau nnton pawai,, tpi ad kuliah siangğŸ˜Œ"
rismahndd,2022-10-05 23:14:21+00:00,"first time bgt tau kuliah jam 12.45 :)
biasanya jam 7.30 aku udh nangkring di kelas sampe sore"
Jrrdey,2022-10-05 23:14:11+00:00,"ngeboooo today cuma kuliah sore. 
kuliah nya emang 1 tpi sayang tugas bejibunnnnn mana dl lagi"
kamisatosad,2022-10-05 23:13:40+00:00,Hey wake up anak baikkk km harus kuliah skrg
suspreciousysk,2022-10-05 23:13:36+00:00,"Nyokap : 'kamu kenapa? krna temen? mantan? Organisasi? Mama? Papa""
w : ""gapapa, aku capek""
nykp : ""capek itu istirahat bukan nangis sampe sesegukan""
w : ""aku capek""
Nykp : ""capek pikiran ya?""
w: ""aku besok gamau kuliah dulu, aku capek""
nykp : ""yaudah, istirahat aja, gpp bsk izin"""
txteus,2022-10-05 23:13:33+00:00,@kangajie Siapkah Kau Tuk Kuliah Lagi
DisiniAJAbro,2022-10-05 23:13:31+00:00,Butuh VIDEO EDITOR buat tugas kuliah kamu? Ngedadak tengah malam butuh banget tugasnya kelar? #DisiniAja WhatsApp 081220716669 pin 520a01ee Telp. 085722830007
SnyKohiFlwr,2022-10-05 23:13:27+00:00,"@saaaja88 Kuliah sana, jan nyari bkp Vier &gt;:("
ukuuu4,2022-10-05 23:13:23+00:00,"@collegemenfess iya bawa aja gapapa, kecuali sender kuliah bawa koperğŸ˜­"
fajarpuger,2022-10-05 23:13:02+00:00,"Mendag @ZUL_Hasan membuka Kuliah Ekspor Nasional 2022 bagi para mahasiswa dengan tema ""New and Digital Exporter for Export Stronger"" secara hibrida di Jakarta, Selasa (4 Okt).

#AyoDagang https://t.co/wJW2K6icU0"
0PercentLust,2022-10-05 23:12:41+00:00,mari kuliahğŸ¤¸ https://t.co/9Gdw1r3gAD
FranciscaSepti,2022-10-05 23:12:38+00:00,"Mau gitu traveling ke tempat yg jauh-jauh, menelusuri keindahan indonesia, kalau udah lulus kuliah, kerja, dan penghasilan sendiri. amin."
Leezenii,2022-10-05 23:12:35+00:00,@collegemenfess artinya km disuruh berangkat kuliah
AdhiPace1,2022-10-05 23:12:35+00:00,@ddailybe Kuliah pagi sangat AWIWOK
falleninaugust,2022-10-05 23:12:34+00:00,"Uni life is hard. It's more than having class, listen to the lecturer, and go home peacefully. Gatau kenapa tapi kayak konsep sekolah/kuliah di kepala gue nggak semenyenangkan dan semenjanjikan dulu. Dulu gue bersikeras bgt kesulitan apapun selama pembelajaran,"
twinkleloud,2022-10-05 23:12:24+00:00,"Aku ga cocok banget in relationship selama kuliah tuh. Kurang tidur, prokrastinasi, kalo galau jadi ga mau ngapa ngapain. Pokoknya jadi banyak waktu percuma karena akunya kurang bisa manage diri. Otak dan badan ga bisa diajak kerja sama karena pengennya ngebucin dan ngobrol terus https://t.co/uGVoYwgL05"
jaehyuno0,2022-10-05 23:12:15+00:00,@starfess Enak banget di dengerin buat kamu klo sambil berangkat kerja/sekolah/kuliah... https://t.co/XHZ0bG7OIS
bastracina,2022-10-05 23:11:50+00:00,"Beasiswa ini hadir dengan harapan dapat membantu mahasiswa yang kesulitan secara finansial dalam pembayaran biaya kuliah.

Bentuk pemberian donasi terbagi menjadi dua :
1. Donatur sukarela
2. Donatur tetap, dengan memberikan uang sebesar Rp 50.000,-"
bycyell,2022-10-05 23:11:42+00:00,alhamdulillah karena tbtb aku dikasi tip sama cust ğŸ¥¹ğŸ¥¹ mau GA 2.5k buat 2 orang. RT aja aku undi besok pulang kuliah sore #zonauang https://t.co/RvHr8Eseq4
oppahoranghae,2022-10-05 23:11:27+00:00,"@cerebronu WKWKWK. aku jg jaman kuliah kaya gini, lebih banyak waktu untuk istirahat kana cape bgt ga siğŸ˜­"
fluffyaara,2022-10-05 23:11:15+00:00,@onyourn__ao Ini masalahnya mataku jadi gak ngantuk-ngantuk masa ğŸ˜­ğŸ˜­ğŸ˜­. Hari ini full. Jam 8-sore ada jadwal kuliah ğŸ˜­ğŸ˜­ğŸ˜­. Okaaayyy
arrdiraaa,2022-10-05 23:11:09+00:00,setiap pagi kemalasan buat berangkat kuliah 80%
cederaotakkanan,2022-10-05 23:11:08+00:00,nawaitu semangat kuliah meski belom bobo
Amaya_ky,2022-10-05 23:11:08+00:00,Temen kuliah gw ini https://t.co/Ia7mW3WbhY
zzznxrana,2022-10-05 23:10:51+00:00,"@sbmptnfess gapapa, kuliah mah dimana aja sama asal niat dan rajin. smgt nder"
anidanormach,2022-10-05 23:10:45+00:00,"Jadi keinget kata kata bu Fafa jaman kuliah, ""gapapa kalian masuk kelas saya ngga mandi, tapi minimal wangi"""
lieutenantyoonm,2022-10-05 23:10:31+00:00,"ah bae ah jd mahasiswa kupu kupu, masih smt 1 ygy. Soalnya bole masuk himpunan tuh ntar smt 3 

Drpd kuliah nongki kuliah nongkiğŸ™‚ abiz duit gwğŸ™‚"
SyairRevolusi,2022-10-05 23:09:57+00:00,"Kenapa ga ada foto Wisuda ? Tak ada teman kuliah!?  kapan kuliah ? 
Rakyat tunggu kejujuran Jokowi siapa dia sebentarnya? 
#RIDamaiTanpaPolisi
#RIDamaiTanpaPolisi
Istana Angkat Bicara Soal Presiden Jokowi Digugat ke Pengadilan Atas Dugaan Ijazah Palsu https://t.co/aHrqD8I8VE"
Yin98Ai,2022-10-05 23:09:43+00:00,"BibleBuild short AU
â€”â€” no title, karena gatau harus apa tapi pengen nyobaa bikin AUâ€”â€”

Ketika Bible mau modus ke Apo minjem modul kuliah tapi malah harus ketemu Biu selaku temen se-apart Apo https://t.co/3OPbM91rwm"
saposikompak,2022-10-05 23:09:37+00:00,@saposikompak @habiburokhman @Gerindra @NasDem Oh orang hebat ....kuliah nya ...
bagastudy,2022-10-05 23:09:32+00:00,nie univ ak rank 23 smoga tahun depan ak bs kuliah dinuniv rank 14 atauga 1 atauga 3 atauga 2 deh ğŸ™ğŸ»ğŸ™ğŸ»ğŸ™ğŸ»ğŸ™ğŸ»ğŸ™ğŸ» https://t.co/ra05QeJnGC
daftarbelanjaa,2022-10-05 23:09:23+00:00,@collegemenfess Ada dan tiada relationship pas kuliah ga ngaruh sama sekali sih kalo gua
prayjudas,2022-10-05 23:09:16+00:00,@sayangpiki kuliah
shuotgun,2022-10-05 23:09:04+00:00,@twentyflours kuliah online sama belajar bareng sa. hbu?
deadlysm0ker,2022-10-05 23:08:53+00:00,"semalem pusing banget, skrg badanku mayan anget. kata kalian aku brgkt kuliah gak"
hartian_dikha,2022-10-05 23:08:45+00:00,"@Rantie_Ry @malakmalakmal Kuliah di UI mbak, beliau sekarang lg studi S3 malah. Beliau jgn disamakan dg Ade Armando"
cerebronu,2022-10-05 23:08:39+00:00,"Tapi abis konseran bener2 langsung hectic sama kuliah, buka twt aja gak pernah keknya ğŸ˜­ğŸ˜­ğŸ˜­ CAPEKKK ğŸ˜­ğŸ˜­ğŸ˜­ğŸ˜­ğŸ˜­ hidupku cuma seputar praktikum, tugas, presentasi, laprak, sama cari tempat mam enak murah banyak doang keknya ğŸ¥²"
winwinvitawin,2022-10-05 23:08:21+00:00,"Alhamdulillah, kuliah hari ini full daring"
padlepoprainbow,2022-10-05 23:08:14+00:00,kuliah cape bgt bgsttttttttt
_odetoyoo,2022-10-05 23:08:11+00:00,@Inabiozi aku juga kuliah yg penting lulus ğŸ˜­
collegemenfess,2022-10-05 23:08:03+00:00,[cm] guys aku kan abis ngerjain tugas kuliah lgsng tidur jam 9 malam abis itu aku kebangun jam 2 pagi itu artinya apa ya?
atikanrl_,2022-10-05 23:07:58+00:00,"@radenrauf @GrabID mumpung ada giveaway. memang lagi butuh hp atau nggak uang untuk beli hp yg kualitas kameranya bagus buat bikin video tugas kuliah. bismillah semoga rejeki walaupun grab belum unlimited
â€œMAU #GrabUnlimited OM!â€"
raraiaia118,2022-10-05 23:07:52+00:00,@collegemenfess mkanya gua ngindarin pcran pas kuliah dlu krna gua tau diri klo pcran jd bucin tolol
erzalfarizy,2022-10-05 23:07:19+00:00,"Kan hari ini males kuliah, eh dosennya bilang daring"
minimojeu,2022-10-05 23:07:18+00:00,"Jadinya gapernah beli beli sampe masuk kuliah kecanduan gegara temen 
Foto jg gasuka foto karna muka w sangat tidak goodlooking jadinya males aja gitu apalagi kali makin hari makin gendut ngaca aja berasa marah ke diri sendiri karna makin gendut apalagi foto wkwk kecuali lg mood"
cheropatra,2022-10-05 23:07:16+00:00,akhirnyaa kuliah gue senggang t___t
Reetnodui,2022-10-05 23:07:02+00:00,"@worksfess Gede juga ya gajinya... kalo gue itu udah ada tabungan lanjut kuliah sama tabungan nikah, ngihihihi. Skincare  make up 300k sebulan aja dah cukup, toner bisa beli yg murah aja, beli yg mahal ke serum ajah. Kl make up mah buanyak yg murah dah bagus"
urflw,2022-10-05 23:06:46+00:00,[cm] guys mnrt kalian in relationship di masa kuliah tu penting ga? https://t.co/A8UjXzS7wE
Inabiozi,2022-10-05 23:06:43+00:00,"Oalaaaahhh ternyata emang hukum alam juga? Wkwkwk
Gua SMK ambis bngt juara 1 or 2.
Pas kuliah bodoamat bngt, yg penting minimal 3.00 wkwkwk ga ambis kek temen2 gua yg lain. https://t.co/gxEKuGyk8G"
epiceuwiw,2022-10-05 23:06:41+00:00,"[âš ï¸PENCURIAN LAPTOP DI KOSâš ï¸]
Lokasi: Kukel, sekitar pintu keluar vokasi.
Spesifikasi laptop: Macbook Pro Mid 2012 Silver

Hati-hati ya guys, laptop gue kemarin ilang di kamar kosan. Kejadiannya kira-kira jam 13.00 - 15.30. Kondisi kamar gue emang kosong karena ada kuliah."
atikanrl_,2022-10-05 23:06:37+00:00,"@radenrauf mumpung ada giveaway. memang lagi butuh hp atau nggak uang untuk beli hp yg kualitas kameranya bagus buat bikin video tugas kuliah. bismillah semoga rejeki walaupun grab belum unlimited
â€œMAU #GrabUnlimited OM!â€"
AneuAneudwi,2022-10-05 23:05:54+00:00,Tolong Pengen banget kuliah di ........... caramencinta
agilpahinggaa,2022-10-05 23:05:53+00:00,Tolong Pengen banget kuliah di thataanma
ItsMeDhewiie,2022-10-05 23:05:53+00:00,Tolong Pengen banget kuliah di ........... caramencinta
shancarz,2022-10-05 23:05:53+00:00,Tolong Pengen banget kuliah di ........... caramencinta
LilLadyChina,2022-10-05 23:05:52+00:00,Tolong Pengen banget kuliah di ........... caramencinta
atikanrl_,2022-10-05 23:05:38+00:00,"@radenrauf mumpung ada giveaway. memang lagi butuh hp atau nggak uang untuk beli hp yg kualitas kameranya bagus buat bikin video tugas kuliah. bismillah semoga rejeki walaupun grab belum unlimited
â€œMAU #GrabUnlimited OM!â€"
atikanrl_,2022-10-05 23:05:29+00:00,"@radenrauf mumpung ada giveaway. memang lagi butuh hp atau nggak uang untuk beli hp yg kualitas kameranya bagus buat bikin video tugas kuliah. bismillah semoga rejeki 
â€œMAU #GrabUnlimited OM!â€"
mhistophile,2022-10-05 23:03:54+00:00,MARK MAU KULIAH DI LUAR YHH???? https://t.co/sX2SpnuDNT
tutnice,2022-10-05 23:03:38+00:00,"@presidenlauk @107aWvS Bisa jd kursus jarak jauh jadi lah sarjanağŸ˜“

Tanpa kuliah (minimal lulus S1) jdlah profesorğŸ¤ª

Ada rumor ijazah palsu jdlah pemimpin..ğŸ˜³

Kasihan yg kuliah tinggi2 disalip..modal ijazah cumlaude pun ga gunağŸ˜‘

Malah negara lain yg hargai..spt pak HabibieğŸ˜‰"
bucin_nuna,2022-10-05 23:03:37+00:00,"Selamat pagi, dunia nyata dan dunia fiksi. Yang dunia nyata, semoga lancar sekolah, kuliah, sama kerjanya. Yang dunia fiksi semoga lancar nulis sama bacanya ğŸ¤§"
hopekookwife,2022-10-05 23:03:27+00:00,Morning routine sebelum kuliah dan kerja https://t.co/hvUoKAUrdL
matchalatte0410,2022-10-05 23:02:54+00:00,anjeng kentekan outfit kuliah
PureeeMiyuu_,2022-10-05 23:02:54+00:00,"@matcharonx Pengalaman ngmng begini, dia malah blg ""ga gondrong ga laki.""

""Pgn deh pas kuliah punya foto like 'oh gue pernah gondrong'"""
peachibubbles,2022-10-05 23:02:52+00:00,"WTS!!! HELP RT 
â—ğŸ”ŠHALO GAIS KU MAU JUAL""IN BARANG"" SISA GO NIH MURCE"" BANGET YUK,SUDAH DI BUNDLE LEBIH MURAH LAGI SUDAH DAPAT BANYAKKK. ADA YANG OFFICIAL DAN UNOFF YA GAISğŸ™ğŸ«¶ğŸ»âœ¨ğŸ”Š

Bener"" lagi butuh banget buat kuliah + adik sekolah;) YUKK habisin gaissğŸ¥¹ğŸ™"
alfariz101214,2022-10-05 23:02:26+00:00,"@MamatAlkatiri mamat punya koneksi punggawa partai aja dah aneh wkwk. lebih aneh lagi brigitta ngaku harta dibekuin, gabisa kuliah bla bla bla tp bisa jajan bisa makeup bisa bayar listrik bisa beli baju baru bisa ke luar negeri awikwok"
bukansugar,2022-10-05 23:02:11+00:00,@Jeniaaishere @FWBESS Wahh kuliah pake crop top
papatanjung,2022-10-05 23:02:08+00:00,"@PineksoRoyi1 @FreedomlandSatu kenapa dari awal dilantik gak pernah jelas? mulai ayah ibu, sma, kuliah, tempat lahir semua keterangan lebih dari satu...ibunya tiga yg diakui, sma aja solo atau jogja, kuliah katanya UGM Drs atau Ir semua selalu dijawab buzzer kalo palsu kok bisa nyapres?"
rainbowholiyay,2022-10-05 23:01:59+00:00,"@radenrauf Buat kuliah bang, biar ga diledekin bang"
dandiirzani,2022-10-05 23:01:49+00:00,"@stanmenfess ga sekali dua kali tweet ke gini ditanyain di menfess ini, tandanya emg pas kerja pasti ada ngerasain fase â€œkesepianâ€ dan ngerasa â€œgapunya temenâ€ yaaa..
wkwk memang kerja tida seenak itu ges,
cara ngatasi kesepiannya: telpon temen kuliah! intinya temen diluar kantor."
strawberypud,2022-10-05 23:01:41+00:00,"@lcsmachiatto sirkel kuliah banyak yg fake. i've experienced it once. kamu bakal lebih seneng punya 1/2 temen di kampus yg bener2 tulus bantuin kamu hehe. and i'd be your friends, diah! hihi salam kenall ya aku skye kita moots tp jarang interact"
atikanrl_,2022-10-05 23:01:28+00:00,"@radenrauf mumpung ada giveaway. memang lagi butuh hp atau nggak uang untuk beli hp yg kualitas kameranya bagus buat bikin video tugas kuliah. bismillah semoga rejeki walaupun grab belum unlimited
â€œMAU #GrabUnlimited OM!â€ https://t.co/MycsEQGgUA"
Minaraaaa1,2022-10-05 23:01:27+00:00,@convomf Selama kuliah w selalu bangunin temen cowokku sama gebetan kek gini tp mereka jadiannya sama cewek lain ğŸ˜€
konsentrik,2022-10-05 23:01:22+00:00,"Jaman masih kuliah mah gua yang bangun kesiangan, kalau minggu baru dia yang kesianhan https://t.co/sOxEKkAPHq"
motokeyaki46,2022-10-05 23:01:19+00:00,Temen kuliah tetep paling aku inget
zZgtfobae,2022-10-05 23:01:17+00:00,"@collegemenfess aku pernah ngiri sama temen yg punya pacar wkt kuliah, trs ada org blg gini ğŸ¥² https://t.co/vw7ImLuE1d"
Apriellsanatic,2022-10-05 23:00:56+00:00,Tolong Pengen banget kuliah di ........... caramencinta
Den_Bei_Aguk,2022-10-05 23:00:55+00:00,"jadi inget masa-masa kuliah, bikin denah pake pensil warna yang bisa jadi cat air.â˜ºï¸ https://t.co/q9fMZk7b48"
LisLindaSarii,2022-10-05 23:00:54+00:00,Tolong Pengen banget kuliah di ........... caramencinta
Arin_Akai_99,2022-10-05 23:00:53+00:00,Tolong Pengen banget kuliah di ........... caramencinta
Alexand61517754,2022-10-05 23:00:51+00:00,"Kenapa ga ada foto Wisuda ? Tak ada teman kuliah!?  kapan kuliah ? 
Rakyat tunggu kejujuran Jokowi siapa dia sebentarnya? 
#RIDamaiTanpaPolisi
#RIDamaiTanpaPolisi
Istana Angkat Bicara Soal Presiden Jokowi Digugat ke Pengadilan Atas Dugaan Ijazah Palsu https://t.co/aHrqD8I8VE"
classix_pizza,2022-10-05 23:00:45+00:00,"@collegemenfess Pertemanan kuliah penuh drama demi Allah, pinter pinter cari temen deh, dannn paling penting kalo ada masalah sama satu temen kuliah jangan pernah cerita ke temen lain, ceritanya sama temen beda kampus, atau siapapun jangan sampe temen sejurusan atau sekelas jangan sampeeee"
mincaverse,2022-10-05 23:00:43+00:00,@Kang_Hyem_ @SoloMenfess Gausah kuliah.
lalilalia15,2022-10-05 23:00:38+00:00,"Koas stase pertama aja udah ngeluh, gimana ceritanya kalau lanjut kuliah S2 di univ dgn makara hijau-putihğŸ¤£ Tolong, kondisikan jangan banyak ngeluh Stel wkwk"
xowinast,2022-10-05 22:59:15+00:00,"Wahh jumat rapat nih sore nya lanjut rapat organisasi dah kaya kuliah aja ni kerja, tapi sebelum lanjut ke rapat organisasi ngeforeee dulu lahhh"
convoarea,2022-10-05 22:59:06+00:00,@moonareas kuliah
awhsar,2022-10-05 22:58:56+00:00,Aktivis mengganggu kuliah Meghan O'Sullivan di Universitas Harvard. O'Sullivan adalah anggota dewan pembuat senjata utama AS Raytheon dan merupakan arsitek invasi Irak tahun 2003. Perang menghancurkan negara itu dan membunuh ratusan ribu warga Irak yang tidak bersalah. https://t.co/BxNJEsjOQY
cilokbledex,2022-10-05 22:58:46+00:00,"Kenapa ga ada foto Wisuda ? Tak ada teman kuliah!?  kapan kuliah ? 
Rakyat tunggu kejujuran Jokowi siapa dia sebentarnya? 
#RIDamaiTanpaPolisi
#RIDamaiTanpaPolisi
Istana Angkat Bicara Soal Presiden Jokowi Digugat ke Pengadilan Atas Dugaan Ijazah Palsu https://t.co/aHrqD8I8VE"
vijaybarney,2022-10-05 22:58:46+00:00,Masa lalu emang ga bisa diubah. Tp memaafkan diriku kenapa begitu di masa lalu juga ternyata ga mudah. I wish I could've been fucking better n behave bitch di masa2 kuliah. Tp ini yg trbaik si. Tuhan ngasih semua kejadian biar aku di titik ini.
renjundipp,2022-10-05 22:58:07+00:00,@kketiwaw2 kuliah lebih stress bego
vi_alonee,2022-10-05 22:57:56+00:00,"@McDonalds_ID Dari aku anak anak, sampe aku punya anak  suka banget ngumpul di McD sama sahabat aku guys, dulu ngobrolin tugas sekola, tugas kuliah, dan ngobrolin dunia kerja, Kalo skrg ngobrolin anak tapi tetap ngumpulnya juga masih tetap sama di McD. #Momenlebihlama"
papatanjung,2022-10-05 22:57:53+00:00,"Kenapa ga ada foto Wisuda ? Tak ada teman kuliah!?  kapan kuliah ? 
Rakyat tunggu kejujuran Jokowi siapa dia sebentarnya? 
#RIDamaiTanpaPolisi
#RIDamaiTanpaPolisi
Istana Angkat Bicara Soal Presiden Jokowi Digugat ke Pengadilan Atas Dugaan Ijazah Palsu https://t.co/aHrqD8I8VE"
JKefrost,2022-10-05 22:57:44+00:00,skrng kuliah benci bgt sm tugas kelompok
strawberypud,2022-10-05 22:57:37+00:00,"@lcsmachiatto heyy, i know it feels really lonely sometimes. sirkel kuliah sucks, tp as long as you're okay with being urself, i think you'll get through it. tetep baik sm semua orang okee?! kl kamu masih semester awal, di tengah2 nanti pasti ada kok yg kamu bakal deket dan percaya bgtğŸ’š"
dianadief,2022-10-05 22:57:05+00:00,"@collegemenfess Pertemanan yang baik adalah sebuah hoki dlm kehidupan, pertemanan ku di bangku kuliah bagus bgt. Tapi enggak pas waktu SMA yg kata bnyk org masaÂ² paling indah itu."
V4NDERW0ODSEN,2022-10-05 22:56:56+00:00,"udh kuliah kimia, dpt materi fis mtk bio das, ttp aja kalau ga ngerti ke colearn zenius ruangguruğŸ˜­ğŸ˜­ğŸ˜­ğŸ˜­"
lidicaine,2022-10-05 22:56:54+00:00,"Percakapan with anak kkt.
""Kak masih kuliah?""
""Iyo mahasiswa""
""Semester berapa kak?""
""Semester 3""
""Oh berarti tape junior kang""
""Mar kita S2""
""Astaga, sori sori kak"" ğŸ˜‚ğŸ˜‚ğŸ˜‚ğŸ˜‚"
000405PJW,2022-10-05 22:56:48+00:00,"knp jadi gue yg diomelin, hari ini gue kerja memang di rumah.. emang tugas kerja dan sekaligus kuliah itu banyak, tapi keluarga gue mikir gue ga ngapa-ngapain.. jangan jadi anak kedua perempuan di antara kk dan adik laki-laki.. rasanya mantap wkwkwk"
ghendis_nau,2022-10-05 22:56:45+00:00,"â€” OUTFIT NGAMPUS âœ¨
     (part 2)

buat yang lagi bingung mau pake outfit apa ke kampus, yuk langsung kepoin thread di bawah! â¬‡ï¸

tags : fashion, ootd, kuliah offline, kemeja, kulot. https://t.co/u54Lw9NCps"
hanyabualan,2022-10-05 22:56:10+00:00,"Selamat pagi, dunia nyata dan dunia fiksi. Yang dunia nyata, semoga lancar sekolah, kuliah, sama kerjanya. Yang dunia fiksi semoga lancar nulis sama bacanya ğŸ¤§"
abangtoil,2022-10-05 22:55:56+00:00,@convomf kuliah sasjep+ambil 24 sks+ikut 2 kepanitiaan
dheandrautamaa,2022-10-05 22:55:33+00:00,kuliah pagi ngantuk bgt tapi kalo kuliah siang gakuat panas bgt
Hendrigolde,2022-10-05 22:55:19+00:00,"Kenapa ga ada foto Wisuda ? Tak ada teman kuliah!?  kapan kuliah ? 
Rakyat tunggu kejujuran Jokowi siapa dia sebentarnya? 
#RIDamaiTanpaPolisi
#RIDamaiTanpaPolisi
Istana Angkat Bicara Soal Presiden Jokowi Digugat ke Pengadilan Atas Dugaan Ijazah Palsu https://t.co/aHrqD8I8VE"
amberleyy_,2022-10-05 22:55:10+00:00,[cm] guys mnrt kalian in relationship di masa kuliah tu penting ga? https://t.co/A8UjXzS7wE
galactxy,2022-10-05 22:55:07+00:00,"[Cm] kalian yg kuliahnya ngerantau trus ngekos kaya capek bgt gasi, capeknya combo. Udah banyak tugas, capek kuliah offline terus sampe kosan kadang masih harus beberes, cuci baju, gosok baju dll belum lagi harus mikirin maau makan apa. Kaya comboo bangetttt."
Heryadi12Herry,2022-10-05 22:55:00+00:00,@BungNaga1 @DokterTifa Anak Lo pantesnya kuliah di Universitas Terbuka.. Elo Kuliah dimana? Jangan2 cuma Lulusan STM....
